filepath,label
../data/trashnet\plastic\plastic92.jpg,plastic
../data/trashnet\cardboard\cardboard305.jpg,cardboard
../data/trashnet\cardboard\cardboard53.jpg,cardboard
../data/trashnet\cardboard\cardboard42.jpg,cardboard
../data/trashnet\metal\metal141.jpg,metal
../data/trashnet\metal\metal394.jpg,metal
../data/trashnet\paper\paper21.jpg,paper
../data/trashnet\plastic\plastic267.jpg,plastic
../data/trashnet\plastic\plastic141.jpg,plastic
../data/trashnet\paper\paper422.jpg,paper
../data/trashnet\cardboard\cardboard113.jpg,cardboard
../data/trashnet\metal\metal123.jpg,metal
../data/trashnet\paper\paper42.jpg,paper
../data/trashnet\cardboard\cardboard79.jpg,cardboard
../data/trashnet\cardboard\cardboard76.jpg,cardboard
../data/trashnet\paper\paper207.jpg,paper
../data/trashnet\glass\glass244.jpg,glass
../data/trashnet\metal\metal249.jpg,metal
../data/trashnet\metal\metal31.jpg,metal
../data/trashnet\cardboard\cardboard15.jpg,cardboard
../data/trashnet\plastic\plastic181.jpg,plastic
../data/trashnet\plastic\plastic31.jpg,plastic
../data/trashnet\glass\glass155.jpg,glass
../data/trashnet\glass\glass111.jpg,glass
../data/trashnet\paper\paper283.jpg,paper
../data/trashnet\trash\trash15.jpg,trash
../data/trashnet\metal\metal89.jpg,metal
../data/trashnet\cardboard\cardboard384.jpg,cardboard
../data/trashnet\glass\glass222.jpg,glass
../data/trashnet\glass\glass253.jpg,glass
../data/trashnet\cardboard\cardboard78.jpg,cardboard
../data/trashnet\cardboard\cardboard228.jpg,cardboard
../data/trashnet\plastic\plastic331.jpg,plastic
../data/trashnet\metal\metal374.jpg,metal
../data/trashnet\glass\glass213.jpg,glass
../data/trashnet\plastic\plastic80.jpg,plastic
../data/trashnet\metal\metal225.jpg,metal
../data/trashnet\trash\trash52.jpg,trash
../data/trashnet\paper\paper487.jpg,paper
../data/trashnet\glass\glass144.jpg,glass
../data/trashnet\plastic\plastic61.jpg,plastic
../data/trashnet\paper\paper30.jpg,paper
../data/trashnet\plastic\plastic35.jpg,plastic
../data/trashnet\glass\glass72.jpg,glass
../data/trashnet\plastic\plastic353.jpg,plastic
../data/trashnet\paper\paper417.jpg,paper
../data/trashnet\paper\paper224.jpg,paper
../data/trashnet\metal\metal146.jpg,metal
../data/trashnet\cardboard\cardboard30.jpg,cardboard
../data/trashnet\paper\paper295.jpg,paper
../data/trashnet\paper\paper542.jpg,paper
../data/trashnet\glass\glass476.jpg,glass
../data/trashnet\glass\glass425.jpg,glass
../data/trashnet\paper\paper331.jpg,paper
../data/trashnet\glass\glass449.jpg,glass
../data/trashnet\plastic\plastic416.jpg,plastic
../data/trashnet\paper\paper552.jpg,paper
../data/trashnet\cardboard\cardboard56.jpg,cardboard
../data/trashnet\glass\glass448.jpg,glass
../data/trashnet\paper\paper531.jpg,paper
../data/trashnet\glass\glass215.jpg,glass
../data/trashnet\cardboard\cardboard96.jpg,cardboard
../data/trashnet\plastic\plastic440.jpg,plastic
../data/trashnet\plastic\plastic111.jpg,plastic
../data/trashnet\cardboard\cardboard8.jpg,cardboard
../data/trashnet\plastic\plastic34.jpg,plastic
../data/trashnet\cardboard\cardboard277.jpg,cardboard
../data/trashnet\glass\glass272.jpg,glass
../data/trashnet\cardboard\cardboard304.jpg,cardboard
../data/trashnet\plastic\plastic426.jpg,plastic
../data/trashnet\paper\paper230.jpg,paper
../data/trashnet\paper\paper144.jpg,paper
../data/trashnet\glass\glass177.jpg,glass
../data/trashnet\paper\paper167.jpg,paper
../data/trashnet\paper\paper192.jpg,paper
../data/trashnet\paper\paper217.jpg,paper
../data/trashnet\glass\glass145.jpg,glass
../data/trashnet\plastic\plastic226.jpg,plastic
../data/trashnet\metal\metal252.jpg,metal
../data/trashnet\plastic\plastic69.jpg,plastic
../data/trashnet\paper\paper585.jpg,paper
../data/trashnet\paper\paper60.jpg,paper
../data/trashnet\paper\paper333.jpg,paper
../data/trashnet\metal\metal282.jpg,metal
../data/trashnet\plastic\plastic361.jpg,plastic
../data/trashnet\metal\metal351.jpg,metal
../data/trashnet\cardboard\cardboard263.jpg,cardboard
../data/trashnet\plastic\plastic15.jpg,plastic
../data/trashnet\paper\paper339.jpg,paper
../data/trashnet\cardboard\cardboard254.jpg,cardboard
../data/trashnet\metal\metal165.jpg,metal
../data/trashnet\glass\glass477.jpg,glass
../data/trashnet\cardboard\cardboard116.jpg,cardboard
../data/trashnet\glass\glass124.jpg,glass
../data/trashnet\metal\metal148.jpg,metal
../data/trashnet\paper\paper274.jpg,paper
../data/trashnet\paper\paper51.jpg,paper
../data/trashnet\metal\metal306.jpg,metal
../data/trashnet\plastic\plastic271.jpg,plastic
../data/trashnet\plastic\plastic197.jpg,plastic
../data/trashnet\cardboard\cardboard104.jpg,cardboard
../data/trashnet\trash\trash51.jpg,trash
../data/trashnet\plastic\plastic457.jpg,plastic
../data/trashnet\plastic\plastic369.jpg,plastic
../data/trashnet\cardboard\cardboard219.jpg,cardboard
../data/trashnet\trash\trash94.jpg,trash
../data/trashnet\plastic\plastic460.jpg,plastic
../data/trashnet\paper\paper377.jpg,paper
../data/trashnet\plastic\plastic14.jpg,plastic
../data/trashnet\metal\metal312.jpg,metal
../data/trashnet\metal\metal117.jpg,metal
../data/trashnet\plastic\plastic422.jpg,plastic
../data/trashnet\plastic\plastic160.jpg,plastic
../data/trashnet\metal\metal99.jpg,metal
../data/trashnet\metal\metal307.jpg,metal
../data/trashnet\glass\glass333.jpg,glass
../data/trashnet\plastic\plastic350.jpg,plastic
../data/trashnet\glass\glass15.jpg,glass
../data/trashnet\metal\metal201.jpg,metal
../data/trashnet\paper\paper126.jpg,paper
../data/trashnet\cardboard\cardboard3.jpg,cardboard
../data/trashnet\paper\paper1.jpg,paper
../data/trashnet\paper\paper371.jpg,paper
../data/trashnet\cardboard\cardboard232.jpg,cardboard
../data/trashnet\metal\metal370.jpg,metal
../data/trashnet\plastic\plastic101.jpg,plastic
../data/trashnet\paper\paper158.jpg,paper
../data/trashnet\paper\paper500.jpg,paper
../data/trashnet\glass\glass415.jpg,glass
../data/trashnet\paper\paper484.jpg,paper
../data/trashnet\cardboard\cardboard182.jpg,cardboard
../data/trashnet\trash\trash103.jpg,trash
../data/trashnet\metal\metal147.jpg,metal
../data/trashnet\glass\glass168.jpg,glass
../data/trashnet\paper\paper270.jpg,paper
../data/trashnet\glass\glass66.jpg,glass
../data/trashnet\glass\glass86.jpg,glass
../data/trashnet\plastic\plastic448.jpg,plastic
../data/trashnet\cardboard\cardboard40.jpg,cardboard
../data/trashnet\metal\metal378.jpg,metal
../data/trashnet\cardboard\cardboard366.jpg,cardboard
../data/trashnet\metal\metal255.jpg,metal
../data/trashnet\cardboard\cardboard170.jpg,cardboard
../data/trashnet\cardboard\cardboard352.jpg,cardboard
../data/trashnet\cardboard\cardboard197.jpg,cardboard
../data/trashnet\glass\glass250.jpg,glass
../data/trashnet\plastic\plastic286.jpg,plastic
../data/trashnet\trash\trash116.jpg,trash
../data/trashnet\paper\paper36.jpg,paper
../data/trashnet\glass\glass487.jpg,glass
../data/trashnet\metal\metal324.jpg,metal
../data/trashnet\glass\glass48.jpg,glass
../data/trashnet\cardboard\cardboard192.jpg,cardboard
../data/trashnet\cardboard\cardboard402.jpg,cardboard
../data/trashnet\metal\metal151.jpg,metal
../data/trashnet\metal\metal309.jpg,metal
../data/trashnet\cardboard\cardboard358.jpg,cardboard
../data/trashnet\paper\paper75.jpg,paper
../data/trashnet\plastic\plastic180.jpg,plastic
../data/trashnet\glass\glass429.jpg,glass
../data/trashnet\plastic\plastic439.jpg,plastic
../data/trashnet\paper\paper197.jpg,paper
../data/trashnet\paper\paper247.jpg,paper
../data/trashnet\metal\metal85.jpg,metal
../data/trashnet\paper\paper29.jpg,paper
../data/trashnet\paper\paper479.jpg,paper
../data/trashnet\metal\metal354.jpg,metal
../data/trashnet\plastic\plastic99.jpg,plastic
../data/trashnet\metal\metal287.jpg,metal
../data/trashnet\plastic\plastic345.jpg,plastic
../data/trashnet\paper\paper198.jpg,paper
../data/trashnet\glass\glass329.jpg,glass
../data/trashnet\cardboard\cardboard278.jpg,cardboard
../data/trashnet\paper\paper135.jpg,paper
../data/trashnet\cardboard\cardboard355.jpg,cardboard
../data/trashnet\trash\trash72.jpg,trash
../data/trashnet\metal\metal34.jpg,metal
../data/trashnet\cardboard\cardboard215.jpg,cardboard
../data/trashnet\paper\paper465.jpg,paper
../data/trashnet\trash\trash56.jpg,trash
../data/trashnet\paper\paper367.jpg,paper
../data/trashnet\metal\metal206.jpg,metal
../data/trashnet\plastic\plastic63.jpg,plastic
../data/trashnet\plastic\plastic119.jpg,plastic
../data/trashnet\plastic\plastic130.jpg,plastic
../data/trashnet\cardboard\cardboard126.jpg,cardboard
../data/trashnet\glass\glass248.jpg,glass
../data/trashnet\glass\glass83.jpg,glass
../data/trashnet\glass\glass456.jpg,glass
../data/trashnet\glass\glass114.jpg,glass
../data/trashnet\paper\paper548.jpg,paper
../data/trashnet\metal\metal251.jpg,metal
../data/trashnet\paper\paper520.jpg,paper
../data/trashnet\plastic\plastic203.jpg,plastic
../data/trashnet\plastic\plastic103.jpg,plastic
../data/trashnet\plastic\plastic292.jpg,plastic
../data/trashnet\plastic\plastic251.jpg,plastic
../data/trashnet\glass\glass362.jpg,glass
../data/trashnet\glass\glass467.jpg,glass
../data/trashnet\paper\paper562.jpg,paper
../data/trashnet\glass\glass331.jpg,glass
../data/trashnet\cardboard\cardboard257.jpg,cardboard
../data/trashnet\metal\metal335.jpg,metal
../data/trashnet\paper\paper76.jpg,paper
../data/trashnet\plastic\plastic75.jpg,plastic
../data/trashnet\cardboard\cardboard18.jpg,cardboard
../data/trashnet\paper\paper296.jpg,paper
../data/trashnet\glass\glass458.jpg,glass
../data/trashnet\glass\glass110.jpg,glass
../data/trashnet\metal\metal115.jpg,metal
../data/trashnet\glass\glass254.jpg,glass
../data/trashnet\metal\metal127.jpg,metal
../data/trashnet\glass\glass142.jpg,glass
../data/trashnet\metal\metal227.jpg,metal
../data/trashnet\cardboard\cardboard23.jpg,cardboard
../data/trashnet\paper\paper266.jpg,paper
../data/trashnet\plastic\plastic171.jpg,plastic
../data/trashnet\metal\metal119.jpg,metal
../data/trashnet\paper\paper13.jpg,paper
../data/trashnet\cardboard\cardboard213.jpg,cardboard
../data/trashnet\paper\paper541.jpg,paper
../data/trashnet\cardboard\cardboard360.jpg,cardboard
../data/trashnet\glass\glass273.jpg,glass
../data/trashnet\cardboard\cardboard160.jpg,cardboard
../data/trashnet\plastic\plastic268.jpg,plastic
../data/trashnet\glass\glass291.jpg,glass
../data/trashnet\metal\metal50.jpg,metal
../data/trashnet\glass\glass290.jpg,glass
../data/trashnet\glass\glass389.jpg,glass
../data/trashnet\glass\glass218.jpg,glass
../data/trashnet\paper\paper369.jpg,paper
../data/trashnet\paper\paper350.jpg,paper
../data/trashnet\cardboard\cardboard370.jpg,cardboard
../data/trashnet\plastic\plastic346.jpg,plastic
../data/trashnet\paper\paper582.jpg,paper
../data/trashnet\plastic\plastic258.jpg,plastic
../data/trashnet\glass\glass187.jpg,glass
../data/trashnet\glass\glass252.jpg,glass
../data/trashnet\plastic\plastic163.jpg,plastic
../data/trashnet\metal\metal180.jpg,metal
../data/trashnet\cardboard\cardboard38.jpg,cardboard
../data/trashnet\plastic\plastic253.jpg,plastic
../data/trashnet\cardboard\cardboard282.jpg,cardboard
../data/trashnet\glass\glass328.jpg,glass
../data/trashnet\metal\metal322.jpg,metal
../data/trashnet\plastic\plastic410.jpg,plastic
../data/trashnet\paper\paper454.jpg,paper
../data/trashnet\plastic\plastic399.jpg,plastic
../data/trashnet\cardboard\cardboard351.jpg,cardboard
../data/trashnet\plastic\plastic131.jpg,plastic
../data/trashnet\plastic\plastic461.jpg,plastic
../data/trashnet\glass\glass402.jpg,glass
../data/trashnet\trash\trash50.jpg,trash
../data/trashnet\metal\metal105.jpg,metal
../data/trashnet\paper\paper219.jpg,paper
../data/trashnet\metal\metal237.jpg,metal
../data/trashnet\cardboard\cardboard281.jpg,cardboard
../data/trashnet\paper\paper515.jpg,paper
../data/trashnet\paper\paper571.jpg,paper
../data/trashnet\paper\paper574.jpg,paper
../data/trashnet\paper\paper16.jpg,paper
../data/trashnet\plastic\plastic312.jpg,plastic
../data/trashnet\cardboard\cardboard86.jpg,cardboard
../data/trashnet\cardboard\cardboard300.jpg,cardboard
../data/trashnet\plastic\plastic433.jpg,plastic
../data/trashnet\paper\paper166.jpg,paper
../data/trashnet\metal\metal266.jpg,metal
../data/trashnet\cardboard\cardboard266.jpg,cardboard
../data/trashnet\cardboard\cardboard115.jpg,cardboard
../data/trashnet\plastic\plastic464.jpg,plastic
../data/trashnet\cardboard\cardboard273.jpg,cardboard
../data/trashnet\metal\metal295.jpg,metal
../data/trashnet\glass\glass482.jpg,glass
../data/trashnet\plastic\plastic137.jpg,plastic
../data/trashnet\cardboard\cardboard399.jpg,cardboard
../data/trashnet\plastic\plastic18.jpg,plastic
../data/trashnet\metal\metal299.jpg,metal
../data/trashnet\plastic\plastic473.jpg,plastic
../data/trashnet\plastic\plastic173.jpg,plastic
../data/trashnet\plastic\plastic154.jpg,plastic
../data/trashnet\paper\paper335.jpg,paper
../data/trashnet\plastic\plastic140.jpg,plastic
../data/trashnet\glass\glass190.jpg,glass
../data/trashnet\cardboard\cardboard129.jpg,cardboard
../data/trashnet\metal\metal67.jpg,metal
../data/trashnet\cardboard\cardboard307.jpg,cardboard
../data/trashnet\metal\metal220.jpg,metal
../data/trashnet\cardboard\cardboard51.jpg,cardboard
../data/trashnet\paper\paper96.jpg,paper
../data/trashnet\trash\trash53.jpg,trash
../data/trashnet\paper\paper150.jpg,paper
../data/trashnet\paper\paper64.jpg,paper
../data/trashnet\cardboard\cardboard299.jpg,cardboard
../data/trashnet\glass\glass108.jpg,glass
../data/trashnet\paper\paper457.jpg,paper
../data/trashnet\plastic\plastic342.jpg,plastic
../data/trashnet\paper\paper278.jpg,paper
../data/trashnet\paper\paper147.jpg,paper
../data/trashnet\glass\glass432.jpg,glass
../data/trashnet\glass\glass373.jpg,glass
../data/trashnet\paper\paper213.jpg,paper
../data/trashnet\plastic\plastic12.jpg,plastic
../data/trashnet\paper\paper392.jpg,paper
../data/trashnet\paper\paper443.jpg,paper
../data/trashnet\plastic\plastic401.jpg,plastic
../data/trashnet\cardboard\cardboard248.jpg,cardboard
../data/trashnet\paper\paper386.jpg,paper
../data/trashnet\glass\glass310.jpg,glass
../data/trashnet\glass\glass413.jpg,glass
../data/trashnet\glass\glass382.jpg,glass
../data/trashnet\metal\metal271.jpg,metal
../data/trashnet\paper\paper186.jpg,paper
../data/trashnet\paper\paper494.jpg,paper
../data/trashnet\paper\paper195.jpg,paper
../data/trashnet\paper\paper98.jpg,paper
../data/trashnet\plastic\plastic378.jpg,plastic
../data/trashnet\glass\glass16.jpg,glass
../data/trashnet\plastic\plastic298.jpg,plastic
../data/trashnet\trash\trash16.jpg,trash
../data/trashnet\cardboard\cardboard403.jpg,cardboard
../data/trashnet\paper\paper463.jpg,paper
../data/trashnet\cardboard\cardboard85.jpg,cardboard
../data/trashnet\cardboard\cardboard207.jpg,cardboard
../data/trashnet\plastic\plastic82.jpg,plastic
../data/trashnet\paper\paper142.jpg,paper
../data/trashnet\paper\paper543.jpg,paper
../data/trashnet\paper\paper184.jpg,paper
../data/trashnet\trash\trash37.jpg,trash
../data/trashnet\glass\glass98.jpg,glass
../data/trashnet\cardboard\cardboard124.jpg,cardboard
../data/trashnet\glass\glass196.jpg,glass
../data/trashnet\trash\trash41.jpg,trash
../data/trashnet\plastic\plastic427.jpg,plastic
../data/trashnet\metal\metal42.jpg,metal
../data/trashnet\metal\metal46.jpg,metal
../data/trashnet\glass\glass361.jpg,glass
../data/trashnet\metal\metal181.jpg,metal
../data/trashnet\glass\glass377.jpg,glass
../data/trashnet\glass\glass239.jpg,glass
../data/trashnet\metal\metal377.jpg,metal
../data/trashnet\metal\metal124.jpg,metal
../data/trashnet\paper\paper53.jpg,paper
../data/trashnet\plastic\plastic120.jpg,plastic
../data/trashnet\cardboard\cardboard371.jpg,cardboard
../data/trashnet\glass\glass224.jpg,glass
../data/trashnet\metal\metal241.jpg,metal
../data/trashnet\metal\metal186.jpg,metal
../data/trashnet\metal\metal213.jpg,metal
../data/trashnet\plastic\plastic387.jpg,plastic
../data/trashnet\metal\metal16.jpg,metal
../data/trashnet\paper\paper514.jpg,paper
../data/trashnet\trash\trash9.jpg,trash
../data/trashnet\metal\metal345.jpg,metal
../data/trashnet\paper\paper162.jpg,paper
../data/trashnet\plastic\plastic351.jpg,plastic
../data/trashnet\metal\metal353.jpg,metal
../data/trashnet\plastic\plastic55.jpg,plastic
../data/trashnet\cardboard\cardboard210.jpg,cardboard
../data/trashnet\paper\paper214.jpg,paper
../data/trashnet\metal\metal294.jpg,metal
../data/trashnet\paper\paper67.jpg,paper
../data/trashnet\plastic\plastic349.jpg,plastic
../data/trashnet\glass\glass8.jpg,glass
../data/trashnet\metal\metal327.jpg,metal
../data/trashnet\plastic\plastic388.jpg,plastic
../data/trashnet\paper\paper79.jpg,paper
../data/trashnet\glass\glass226.jpg,glass
../data/trashnet\metal\metal256.jpg,metal
../data/trashnet\paper\paper212.jpg,paper
../data/trashnet\paper\paper556.jpg,paper
../data/trashnet\glass\glass225.jpg,glass
../data/trashnet\metal\metal407.jpg,metal
../data/trashnet\metal\metal383.jpg,metal
../data/trashnet\paper\paper568.jpg,paper
../data/trashnet\paper\paper448.jpg,paper
../data/trashnet\paper\paper210.jpg,paper
../data/trashnet\paper\paper451.jpg,paper
../data/trashnet\glass\glass406.jpg,glass
../data/trashnet\paper\paper261.jpg,paper
../data/trashnet\cardboard\cardboard265.jpg,cardboard
../data/trashnet\glass\glass85.jpg,glass
../data/trashnet\metal\metal268.jpg,metal
../data/trashnet\cardboard\cardboard72.jpg,cardboard
../data/trashnet\trash\trash109.jpg,trash
../data/trashnet\plastic\plastic445.jpg,plastic
../data/trashnet\glass\glass62.jpg,glass
../data/trashnet\glass\glass151.jpg,glass
../data/trashnet\paper\paper74.jpg,paper
../data/trashnet\glass\glass223.jpg,glass
../data/trashnet\glass\glass136.jpg,glass
../data/trashnet\plastic\plastic389.jpg,plastic
../data/trashnet\plastic\plastic81.jpg,plastic
../data/trashnet\plastic\plastic381.jpg,plastic
../data/trashnet\cardboard\cardboard88.jpg,cardboard
../data/trashnet\trash\trash125.jpg,trash
../data/trashnet\metal\metal175.jpg,metal
../data/trashnet\cardboard\cardboard73.jpg,cardboard
../data/trashnet\glass\glass372.jpg,glass
../data/trashnet\glass\glass178.jpg,glass
../data/trashnet\metal\metal293.jpg,metal
../data/trashnet\metal\metal92.jpg,metal
../data/trashnet\metal\metal400.jpg,metal
../data/trashnet\paper\paper102.jpg,paper
../data/trashnet\plastic\plastic209.jpg,plastic
../data/trashnet\paper\paper68.jpg,paper
../data/trashnet\glass\glass61.jpg,glass
../data/trashnet\cardboard\cardboard159.jpg,cardboard
../data/trashnet\paper\paper478.jpg,paper
../data/trashnet\metal\metal120.jpg,metal
../data/trashnet\paper\paper594.jpg,paper
../data/trashnet\metal\metal80.jpg,metal
../data/trashnet\glass\glass156.jpg,glass
../data/trashnet\plastic\plastic76.jpg,plastic
../data/trashnet\plastic\plastic134.jpg,plastic
../data/trashnet\metal\metal403.jpg,metal
../data/trashnet\metal\metal153.jpg,metal
../data/trashnet\paper\paper461.jpg,paper
../data/trashnet\trash\trash19.jpg,trash
../data/trashnet\metal\metal97.jpg,metal
../data/trashnet\glass\glass378.jpg,glass
../data/trashnet\trash\trash12.jpg,trash
../data/trashnet\glass\glass420.jpg,glass
../data/trashnet\paper\paper347.jpg,paper
../data/trashnet\glass\glass288.jpg,glass
../data/trashnet\metal\metal24.jpg,metal
../data/trashnet\paper\paper97.jpg,paper
../data/trashnet\trash\trash23.jpg,trash
../data/trashnet\cardboard\cardboard16.jpg,cardboard
../data/trashnet\metal\metal203.jpg,metal
../data/trashnet\metal\metal143.jpg,metal
../data/trashnet\paper\paper414.jpg,paper
../data/trashnet\trash\trash105.jpg,trash
../data/trashnet\paper\paper314.jpg,paper
../data/trashnet\plastic\plastic360.jpg,plastic
../data/trashnet\plastic\plastic126.jpg,plastic
../data/trashnet\trash\trash71.jpg,trash
../data/trashnet\cardboard\cardboard347.jpg,cardboard
../data/trashnet\glass\glass262.jpg,glass
../data/trashnet\paper\paper372.jpg,paper
../data/trashnet\cardboard\cardboard64.jpg,cardboard
../data/trashnet\trash\trash54.jpg,trash
../data/trashnet\glass\glass410.jpg,glass
../data/trashnet\paper\paper521.jpg,paper
../data/trashnet\cardboard\cardboard32.jpg,cardboard
../data/trashnet\metal\metal240.jpg,metal
../data/trashnet\paper\paper246.jpg,paper
../data/trashnet\trash\trash10.jpg,trash
../data/trashnet\glass\glass442.jpg,glass
../data/trashnet\metal\metal63.jpg,metal
../data/trashnet\plastic\plastic299.jpg,plastic
../data/trashnet\paper\paper103.jpg,paper
../data/trashnet\cardboard\cardboard169.jpg,cardboard
../data/trashnet\glass\glass398.jpg,glass
../data/trashnet\paper\paper419.jpg,paper
../data/trashnet\plastic\plastic377.jpg,plastic
../data/trashnet\paper\paper497.jpg,paper
../data/trashnet\plastic\plastic237.jpg,plastic
../data/trashnet\plastic\plastic83.jpg,plastic
../data/trashnet\plastic\plastic242.jpg,plastic
../data/trashnet\glass\glass308.jpg,glass
../data/trashnet\metal\metal188.jpg,metal
../data/trashnet\cardboard\cardboard217.jpg,cardboard
../data/trashnet\cardboard\cardboard250.jpg,cardboard
../data/trashnet\paper\paper69.jpg,paper
../data/trashnet\metal\metal274.jpg,metal
../data/trashnet\glass\glass148.jpg,glass
../data/trashnet\cardboard\cardboard376.jpg,cardboard
../data/trashnet\metal\metal250.jpg,metal
../data/trashnet\plastic\plastic68.jpg,plastic
../data/trashnet\cardboard\cardboard150.jpg,cardboard
../data/trashnet\cardboard\cardboard247.jpg,cardboard
../data/trashnet\cardboard\cardboard239.jpg,cardboard
../data/trashnet\glass\glass426.jpg,glass
../data/trashnet\glass\glass17.jpg,glass
../data/trashnet\glass\glass2.jpg,glass
../data/trashnet\glass\glass231.jpg,glass
../data/trashnet\plastic\plastic412.jpg,plastic
../data/trashnet\metal\metal138.jpg,metal
../data/trashnet\plastic\plastic155.jpg,plastic
../data/trashnet\glass\glass363.jpg,glass
../data/trashnet\glass\glass369.jpg,glass
../data/trashnet\glass\glass99.jpg,glass
../data/trashnet\cardboard\cardboard101.jpg,cardboard
../data/trashnet\cardboard\cardboard137.jpg,cardboard
../data/trashnet\metal\metal70.jpg,metal
../data/trashnet\metal\metal118.jpg,metal
../data/trashnet\cardboard\cardboard4.jpg,cardboard
../data/trashnet\cardboard\cardboard385.jpg,cardboard
../data/trashnet\paper\paper405.jpg,paper
../data/trashnet\paper\paper328.jpg,paper
../data/trashnet\plastic\plastic41.jpg,plastic
../data/trashnet\cardboard\cardboard121.jpg,cardboard
../data/trashnet\metal\metal22.jpg,metal
../data/trashnet\glass\glass161.jpg,glass
../data/trashnet\plastic\plastic328.jpg,plastic
../data/trashnet\plastic\plastic358.jpg,plastic
../data/trashnet\metal\metal131.jpg,metal
../data/trashnet\cardboard\cardboard119.jpg,cardboard
../data/trashnet\glass\glass165.jpg,glass
../data/trashnet\plastic\plastic57.jpg,plastic
../data/trashnet\metal\metal205.jpg,metal
../data/trashnet\glass\glass243.jpg,glass
../data/trashnet\plastic\plastic249.jpg,plastic
../data/trashnet\glass\glass474.jpg,glass
../data/trashnet\trash\trash26.jpg,trash
../data/trashnet\glass\glass238.jpg,glass
../data/trashnet\plastic\plastic303.jpg,plastic
../data/trashnet\paper\paper342.jpg,paper
../data/trashnet\glass\glass232.jpg,glass
../data/trashnet\cardboard\cardboard12.jpg,cardboard
../data/trashnet\plastic\plastic257.jpg,plastic
../data/trashnet\plastic\plastic98.jpg,plastic
../data/trashnet\glass\glass296.jpg,glass
../data/trashnet\glass\glass478.jpg,glass
../data/trashnet\glass\glass368.jpg,glass
../data/trashnet\glass\glass303.jpg,glass
../data/trashnet\paper\paper554.jpg,paper
../data/trashnet\paper\paper430.jpg,paper
../data/trashnet\trash\trash34.jpg,trash
../data/trashnet\paper\paper469.jpg,paper
../data/trashnet\plastic\plastic20.jpg,plastic
../data/trashnet\plastic\plastic356.jpg,plastic
../data/trashnet\cardboard\cardboard324.jpg,cardboard
../data/trashnet\metal\metal230.jpg,metal
../data/trashnet\trash\trash11.jpg,trash
../data/trashnet\plastic\plastic23.jpg,plastic
../data/trashnet\plastic\plastic47.jpg,plastic
../data/trashnet\paper\paper493.jpg,paper
../data/trashnet\paper\paper181.jpg,paper
../data/trashnet\paper\paper132.jpg,paper
../data/trashnet\paper\paper149.jpg,paper
../data/trashnet\trash\trash77.jpg,trash
../data/trashnet\trash\trash58.jpg,trash
../data/trashnet\paper\paper161.jpg,paper
../data/trashnet\plastic\plastic48.jpg,plastic
../data/trashnet\paper\paper228.jpg,paper
../data/trashnet\metal\metal202.jpg,metal
../data/trashnet\cardboard\cardboard221.jpg,cardboard
../data/trashnet\metal\metal68.jpg,metal
../data/trashnet\paper\paper348.jpg,paper
../data/trashnet\paper\paper125.jpg,paper
../data/trashnet\metal\metal208.jpg,metal
../data/trashnet\metal\metal74.jpg,metal
../data/trashnet\metal\metal228.jpg,metal
../data/trashnet\paper\paper434.jpg,paper
../data/trashnet\plastic\plastic51.jpg,plastic
../data/trashnet\cardboard\cardboard329.jpg,cardboard
../data/trashnet\glass\glass162.jpg,glass
../data/trashnet\metal\metal37.jpg,metal
../data/trashnet\paper\paper563.jpg,paper
../data/trashnet\paper\paper39.jpg,paper
../data/trashnet\metal\metal27.jpg,metal
../data/trashnet\paper\paper31.jpg,paper
../data/trashnet\glass\glass301.jpg,glass
../data/trashnet\paper\paper269.jpg,paper
../data/trashnet\glass\glass284.jpg,glass
../data/trashnet\metal\metal51.jpg,metal
../data/trashnet\glass\glass332.jpg,glass
../data/trashnet\cardboard\cardboard89.jpg,cardboard
../data/trashnet\cardboard\cardboard1.jpg,cardboard
../data/trashnet\paper\paper557.jpg,paper
../data/trashnet\plastic\plastic183.jpg,plastic
../data/trashnet\cardboard\cardboard327.jpg,cardboard
../data/trashnet\metal\metal315.jpg,metal
../data/trashnet\paper\paper106.jpg,paper
../data/trashnet\paper\paper485.jpg,paper
../data/trashnet\paper\paper81.jpg,paper
../data/trashnet\plastic\plastic255.jpg,plastic
../data/trashnet\trash\trash97.jpg,trash
../data/trashnet\trash\trash129.jpg,trash
../data/trashnet\cardboard\cardboard92.jpg,cardboard
../data/trashnet\plastic\plastic148.jpg,plastic
../data/trashnet\trash\trash121.jpg,trash
../data/trashnet\glass\glass285.jpg,glass
../data/trashnet\cardboard\cardboard55.jpg,cardboard
../data/trashnet\plastic\plastic146.jpg,plastic
../data/trashnet\paper\paper201.jpg,paper
../data/trashnet\cardboard\cardboard132.jpg,cardboard
../data/trashnet\cardboard\cardboard259.jpg,cardboard
../data/trashnet\metal\metal194.jpg,metal
../data/trashnet\paper\paper170.jpg,paper
../data/trashnet\plastic\plastic453.jpg,plastic
../data/trashnet\paper\paper245.jpg,paper
../data/trashnet\paper\paper477.jpg,paper
../data/trashnet\glass\glass31.jpg,glass
../data/trashnet\trash\trash80.jpg,trash
../data/trashnet\glass\glass255.jpg,glass
../data/trashnet\metal\metal330.jpg,metal
../data/trashnet\cardboard\cardboard201.jpg,cardboard
../data/trashnet\metal\metal314.jpg,metal
../data/trashnet\cardboard\cardboard140.jpg,cardboard
../data/trashnet\cardboard\cardboard369.jpg,cardboard
../data/trashnet\paper\paper481.jpg,paper
../data/trashnet\metal\metal112.jpg,metal
../data/trashnet\glass\glass147.jpg,glass
../data/trashnet\paper\paper327.jpg,paper
../data/trashnet\metal\metal139.jpg,metal
../data/trashnet\cardboard\cardboard368.jpg,cardboard
../data/trashnet\metal\metal48.jpg,metal
../data/trashnet\plastic\plastic321.jpg,plastic
../data/trashnet\trash\trash135.jpg,trash
../data/trashnet\paper\paper255.jpg,paper
../data/trashnet\paper\paper439.jpg,paper
../data/trashnet\metal\metal283.jpg,metal
../data/trashnet\trash\trash4.jpg,trash
../data/trashnet\glass\glass321.jpg,glass
../data/trashnet\plastic\plastic166.jpg,plastic
../data/trashnet\cardboard\cardboard354.jpg,cardboard
../data/trashnet\cardboard\cardboard315.jpg,cardboard
../data/trashnet\cardboard\cardboard242.jpg,cardboard
../data/trashnet\metal\metal334.jpg,metal
../data/trashnet\paper\paper398.jpg,paper
../data/trashnet\plastic\plastic266.jpg,plastic
../data/trashnet\glass\glass287.jpg,glass
../data/trashnet\cardboard\cardboard25.jpg,cardboard
../data/trashnet\metal\metal234.jpg,metal
../data/trashnet\metal\metal261.jpg,metal
../data/trashnet\plastic\plastic159.jpg,plastic
../data/trashnet\cardboard\cardboard75.jpg,cardboard
../data/trashnet\paper\paper462.jpg,paper
../data/trashnet\paper\paper220.jpg,paper
../data/trashnet\metal\metal170.jpg,metal
../data/trashnet\glass\glass80.jpg,glass
../data/trashnet\trash\trash63.jpg,trash
../data/trashnet\paper\paper489.jpg,paper
../data/trashnet\glass\glass427.jpg,glass
../data/trashnet\trash\trash36.jpg,trash
../data/trashnet\metal\metal409.jpg,metal
../data/trashnet\plastic\plastic443.jpg,plastic
../data/trashnet\plastic\plastic227.jpg,plastic
../data/trashnet\paper\paper182.jpg,paper
../data/trashnet\glass\glass387.jpg,glass
../data/trashnet\plastic\plastic161.jpg,plastic
../data/trashnet\glass\glass463.jpg,glass
../data/trashnet\plastic\plastic43.jpg,plastic
../data/trashnet\glass\glass49.jpg,glass
../data/trashnet\plastic\plastic411.jpg,plastic
../data/trashnet\metal\metal380.jpg,metal
../data/trashnet\trash\trash128.jpg,trash
../data/trashnet\plastic\plastic291.jpg,plastic
../data/trashnet\cardboard\cardboard401.jpg,cardboard
../data/trashnet\metal\metal267.jpg,metal
../data/trashnet\plastic\plastic104.jpg,plastic
../data/trashnet\metal\metal77.jpg,metal
../data/trashnet\cardboard\cardboard186.jpg,cardboard
../data/trashnet\paper\paper229.jpg,paper
../data/trashnet\cardboard\cardboard204.jpg,cardboard
../data/trashnet\plastic\plastic344.jpg,plastic
../data/trashnet\plastic\plastic232.jpg,plastic
../data/trashnet\paper\paper483.jpg,paper
../data/trashnet\paper\paper415.jpg,paper
../data/trashnet\glass\glass115.jpg,glass
../data/trashnet\plastic\plastic201.jpg,plastic
../data/trashnet\plastic\plastic27.jpg,plastic
../data/trashnet\paper\paper470.jpg,paper
../data/trashnet\paper\paper80.jpg,paper
../data/trashnet\paper\paper534.jpg,paper
../data/trashnet\glass\glass103.jpg,glass
../data/trashnet\glass\glass209.jpg,glass
../data/trashnet\plastic\plastic169.jpg,plastic
../data/trashnet\paper\paper496.jpg,paper
../data/trashnet\glass\glass337.jpg,glass
../data/trashnet\glass\glass247.jpg,glass
../data/trashnet\trash\trash48.jpg,trash
../data/trashnet\metal\metal190.jpg,metal
../data/trashnet\cardboard\cardboard274.jpg,cardboard
../data/trashnet\paper\paper303.jpg,paper
../data/trashnet\glass\glass380.jpg,glass
../data/trashnet\plastic\plastic250.jpg,plastic
../data/trashnet\plastic\plastic438.jpg,plastic
../data/trashnet\plastic\plastic145.jpg,plastic
../data/trashnet\glass\glass347.jpg,glass
../data/trashnet\cardboard\cardboard91.jpg,cardboard
../data/trashnet\paper\paper545.jpg,paper
../data/trashnet\cardboard\cardboard396.jpg,cardboard
../data/trashnet\paper\paper290.jpg,paper
../data/trashnet\glass\glass106.jpg,glass
../data/trashnet\plastic\plastic424.jpg,plastic
../data/trashnet\metal\metal280.jpg,metal
../data/trashnet\paper\paper447.jpg,paper
../data/trashnet\plastic\plastic446.jpg,plastic
../data/trashnet\metal\metal214.jpg,metal
../data/trashnet\glass\glass356.jpg,glass
../data/trashnet\cardboard\cardboard17.jpg,cardboard
../data/trashnet\glass\glass175.jpg,glass
../data/trashnet\glass\glass57.jpg,glass
../data/trashnet\paper\paper90.jpg,paper
../data/trashnet\plastic\plastic313.jpg,plastic
../data/trashnet\metal\metal272.jpg,metal
../data/trashnet\cardboard\cardboard112.jpg,cardboard
../data/trashnet\plastic\plastic46.jpg,plastic
../data/trashnet\glass\glass357.jpg,glass
../data/trashnet\plastic\plastic115.jpg,plastic
../data/trashnet\paper\paper92.jpg,paper
../data/trashnet\cardboard\cardboard187.jpg,cardboard
../data/trashnet\cardboard\cardboard83.jpg,cardboard
../data/trashnet\trash\trash90.jpg,trash
../data/trashnet\plastic\plastic29.jpg,plastic
../data/trashnet\glass\glass390.jpg,glass
../data/trashnet\metal\metal326.jpg,metal
../data/trashnet\paper\paper560.jpg,paper
../data/trashnet\glass\glass172.jpg,glass
../data/trashnet\cardboard\cardboard50.jpg,cardboard
../data/trashnet\cardboard\cardboard261.jpg,cardboard
../data/trashnet\glass\glass394.jpg,glass
../data/trashnet\paper\paper155.jpg,paper
../data/trashnet\paper\paper387.jpg,paper
../data/trashnet\paper\paper105.jpg,paper
../data/trashnet\metal\metal62.jpg,metal
../data/trashnet\trash\trash44.jpg,trash
../data/trashnet\plastic\plastic106.jpg,plastic
../data/trashnet\glass\glass495.jpg,glass
../data/trashnet\cardboard\cardboard203.jpg,cardboard
../data/trashnet\glass\glass186.jpg,glass
../data/trashnet\plastic\plastic6.jpg,plastic
../data/trashnet\glass\glass20.jpg,glass
../data/trashnet\paper\paper380.jpg,paper
../data/trashnet\plastic\plastic348.jpg,plastic
../data/trashnet\glass\glass12.jpg,glass
../data/trashnet\glass\glass408.jpg,glass
../data/trashnet\plastic\plastic236.jpg,plastic
../data/trashnet\glass\glass344.jpg,glass
../data/trashnet\cardboard\cardboard175.jpg,cardboard
../data/trashnet\plastic\plastic42.jpg,plastic
../data/trashnet\plastic\plastic276.jpg,plastic
../data/trashnet\cardboard\cardboard260.jpg,cardboard
../data/trashnet\glass\glass447.jpg,glass
../data/trashnet\glass\glass192.jpg,glass
../data/trashnet\plastic\plastic365.jpg,plastic
../data/trashnet\plastic\plastic129.jpg,plastic
../data/trashnet\metal\metal111.jpg,metal
../data/trashnet\metal\metal108.jpg,metal
../data/trashnet\metal\metal15.jpg,metal
../data/trashnet\glass\glass366.jpg,glass
../data/trashnet\paper\paper337.jpg,paper
../data/trashnet\glass\glass339.jpg,glass
../data/trashnet\paper\paper511.jpg,paper
../data/trashnet\metal\metal323.jpg,metal
../data/trashnet\metal\metal150.jpg,metal
../data/trashnet\glass\glass450.jpg,glass
../data/trashnet\plastic\plastic396.jpg,plastic
../data/trashnet\paper\paper413.jpg,paper
../data/trashnet\plastic\plastic28.jpg,plastic
../data/trashnet\plastic\plastic402.jpg,plastic
../data/trashnet\glass\glass241.jpg,glass
../data/trashnet\plastic\plastic198.jpg,plastic
../data/trashnet\cardboard\cardboard331.jpg,cardboard
../data/trashnet\paper\paper330.jpg,paper
../data/trashnet\plastic\plastic89.jpg,plastic
../data/trashnet\cardboard\cardboard190.jpg,cardboard
../data/trashnet\glass\glass268.jpg,glass
../data/trashnet\plastic\plastic100.jpg,plastic
../data/trashnet\metal\metal144.jpg,metal
../data/trashnet\paper\paper208.jpg,paper
../data/trashnet\glass\glass441.jpg,glass
../data/trashnet\paper\paper298.jpg,paper
../data/trashnet\glass\glass388.jpg,glass
../data/trashnet\plastic\plastic395.jpg,plastic
../data/trashnet\paper\paper151.jpg,paper
../data/trashnet\plastic\plastic449.jpg,plastic
../data/trashnet\paper\paper275.jpg,paper
../data/trashnet\glass\glass50.jpg,glass
../data/trashnet\plastic\plastic326.jpg,plastic
../data/trashnet\plastic\plastic187.jpg,plastic
../data/trashnet\metal\metal265.jpg,metal
../data/trashnet\paper\paper284.jpg,paper
../data/trashnet\paper\paper352.jpg,paper
../data/trashnet\cardboard\cardboard139.jpg,cardboard
../data/trashnet\paper\paper4.jpg,paper
../data/trashnet\paper\paper423.jpg,paper
../data/trashnet\cardboard\cardboard120.jpg,cardboard
../data/trashnet\plastic\plastic288.jpg,plastic
../data/trashnet\metal\metal145.jpg,metal
../data/trashnet\trash\trash110.jpg,trash
../data/trashnet\cardboard\cardboard400.jpg,cardboard
../data/trashnet\metal\metal4.jpg,metal
../data/trashnet\paper\paper14.jpg,paper
../data/trashnet\paper\paper349.jpg,paper
../data/trashnet\cardboard\cardboard35.jpg,cardboard
../data/trashnet\glass\glass65.jpg,glass
../data/trashnet\cardboard\cardboard398.jpg,cardboard
../data/trashnet\paper\paper389.jpg,paper
../data/trashnet\trash\trash91.jpg,trash
../data/trashnet\trash\trash127.jpg,trash
../data/trashnet\plastic\plastic8.jpg,plastic
../data/trashnet\trash\trash118.jpg,trash
../data/trashnet\plastic\plastic152.jpg,plastic
../data/trashnet\cardboard\cardboard11.jpg,cardboard
../data/trashnet\trash\trash124.jpg,trash
../data/trashnet\plastic\plastic178.jpg,plastic
../data/trashnet\paper\paper373.jpg,paper
../data/trashnet\glass\glass233.jpg,glass
../data/trashnet\metal\metal21.jpg,metal
../data/trashnet\cardboard\cardboard165.jpg,cardboard
../data/trashnet\paper\paper315.jpg,paper
../data/trashnet\plastic\plastic168.jpg,plastic
../data/trashnet\plastic\plastic283.jpg,plastic
../data/trashnet\plastic\plastic231.jpg,plastic
../data/trashnet\metal\metal285.jpg,metal
../data/trashnet\paper\paper492.jpg,paper
../data/trashnet\paper\paper180.jpg,paper
../data/trashnet\plastic\plastic375.jpg,plastic
../data/trashnet\paper\paper45.jpg,paper
../data/trashnet\paper\paper316.jpg,paper
../data/trashnet\plastic\plastic225.jpg,plastic
../data/trashnet\metal\metal185.jpg,metal
../data/trashnet\metal\metal43.jpg,metal
../data/trashnet\glass\glass22.jpg,glass
../data/trashnet\plastic\plastic477.jpg,plastic
../data/trashnet\plastic\plastic327.jpg,plastic
../data/trashnet\cardboard\cardboard367.jpg,cardboard
../data/trashnet\metal\metal207.jpg,metal
../data/trashnet\glass\glass126.jpg,glass
../data/trashnet\paper\paper400.jpg,paper
../data/trashnet\paper\paper223.jpg,paper
../data/trashnet\cardboard\cardboard353.jpg,cardboard
../data/trashnet\paper\paper91.jpg,paper
../data/trashnet\glass\glass422.jpg,glass
../data/trashnet\paper\paper475.jpg,paper
../data/trashnet\paper\paper579.jpg,paper
../data/trashnet\metal\metal371.jpg,metal
../data/trashnet\metal\metal338.jpg,metal
../data/trashnet\glass\glass345.jpg,glass
../data/trashnet\cardboard\cardboard364.jpg,cardboard
../data/trashnet\trash\trash33.jpg,trash
../data/trashnet\glass\glass421.jpg,glass
../data/trashnet\cardboard\cardboard66.jpg,cardboard
../data/trashnet\plastic\plastic384.jpg,plastic
../data/trashnet\paper\paper273.jpg,paper
../data/trashnet\paper\paper17.jpg,paper
../data/trashnet\metal\metal8.jpg,metal
../data/trashnet\metal\metal292.jpg,metal
../data/trashnet\metal\metal56.jpg,metal
../data/trashnet\cardboard\cardboard54.jpg,cardboard
../data/trashnet\metal\metal104.jpg,metal
../data/trashnet\metal\metal41.jpg,metal
../data/trashnet\paper\paper299.jpg,paper
../data/trashnet\metal\metal289.jpg,metal
../data/trashnet\paper\paper583.jpg,paper
../data/trashnet\plastic\plastic290.jpg,plastic
../data/trashnet\paper\paper114.jpg,paper
../data/trashnet\metal\metal245.jpg,metal
../data/trashnet\plastic\plastic7.jpg,plastic
../data/trashnet\paper\paper139.jpg,paper
../data/trashnet\cardboard\cardboard343.jpg,cardboard
../data/trashnet\glass\glass191.jpg,glass
../data/trashnet\plastic\plastic228.jpg,plastic
../data/trashnet\cardboard\cardboard296.jpg,cardboard
../data/trashnet\cardboard\cardboard279.jpg,cardboard
../data/trashnet\metal\metal45.jpg,metal
../data/trashnet\paper\paper410.jpg,paper
../data/trashnet\trash\trash27.jpg,trash
../data/trashnet\paper\paper165.jpg,paper
../data/trashnet\metal\metal216.jpg,metal
../data/trashnet\paper\paper591.jpg,paper
../data/trashnet\glass\glass393.jpg,glass
../data/trashnet\paper\paper375.jpg,paper
../data/trashnet\cardboard\cardboard303.jpg,cardboard
../data/trashnet\plastic\plastic302.jpg,plastic
../data/trashnet\plastic\plastic262.jpg,plastic
../data/trashnet\glass\glass67.jpg,glass
../data/trashnet\paper\paper99.jpg,paper
../data/trashnet\cardboard\cardboard275.jpg,cardboard
../data/trashnet\cardboard\cardboard209.jpg,cardboard
../data/trashnet\metal\metal264.jpg,metal
../data/trashnet\paper\paper505.jpg,paper
../data/trashnet\glass\glass14.jpg,glass
../data/trashnet\paper\paper381.jpg,paper
../data/trashnet\metal\metal158.jpg,metal
../data/trashnet\paper\paper128.jpg,paper
../data/trashnet\cardboard\cardboard391.jpg,cardboard
../data/trashnet\cardboard\cardboard236.jpg,cardboard
../data/trashnet\paper\paper336.jpg,paper
../data/trashnet\metal\metal109.jpg,metal
../data/trashnet\plastic\plastic315.jpg,plastic
../data/trashnet\cardboard\cardboard252.jpg,cardboard
../data/trashnet\plastic\plastic432.jpg,plastic
../data/trashnet\cardboard\cardboard87.jpg,cardboard
../data/trashnet\cardboard\cardboard29.jpg,cardboard
../data/trashnet\cardboard\cardboard237.jpg,cardboard
../data/trashnet\paper\paper287.jpg,paper
../data/trashnet\trash\trash60.jpg,trash
../data/trashnet\paper\paper332.jpg,paper
../data/trashnet\metal\metal363.jpg,metal
../data/trashnet\glass\glass96.jpg,glass
../data/trashnet\plastic\plastic287.jpg,plastic
../data/trashnet\paper\paper285.jpg,paper
../data/trashnet\plastic\plastic397.jpg,plastic
../data/trashnet\paper\paper416.jpg,paper
../data/trashnet\paper\paper159.jpg,paper
../data/trashnet\metal\metal210.jpg,metal
../data/trashnet\plastic\plastic210.jpg,plastic
../data/trashnet\metal\metal60.jpg,metal
../data/trashnet\paper\paper334.jpg,paper
../data/trashnet\cardboard\cardboard199.jpg,cardboard
../data/trashnet\paper\paper178.jpg,paper
../data/trashnet\metal\metal114.jpg,metal
../data/trashnet\cardboard\cardboard320.jpg,cardboard
../data/trashnet\paper\paper431.jpg,paper
../data/trashnet\glass\glass318.jpg,glass
../data/trashnet\plastic\plastic114.jpg,plastic
../data/trashnet\plastic\plastic58.jpg,plastic
../data/trashnet\metal\metal381.jpg,metal
../data/trashnet\cardboard\cardboard258.jpg,cardboard
../data/trashnet\paper\paper575.jpg,paper
../data/trashnet\plastic\plastic139.jpg,plastic
../data/trashnet\cardboard\cardboard285.jpg,cardboard
../data/trashnet\plastic\plastic428.jpg,plastic
../data/trashnet\glass\glass277.jpg,glass
../data/trashnet\glass\glass123.jpg,glass
../data/trashnet\trash\trash93.jpg,trash
../data/trashnet\glass\glass433.jpg,glass
../data/trashnet\cardboard\cardboard357.jpg,cardboard
../data/trashnet\glass\glass92.jpg,glass
../data/trashnet\paper\paper588.jpg,paper
../data/trashnet\plastic\plastic17.jpg,plastic
../data/trashnet\paper\paper62.jpg,paper
../data/trashnet\trash\trash14.jpg,trash
../data/trashnet\metal\metal367.jpg,metal
../data/trashnet\paper\paper169.jpg,paper
../data/trashnet\paper\paper239.jpg,paper
../data/trashnet\glass\glass132.jpg,glass
../data/trashnet\glass\glass479.jpg,glass
../data/trashnet\paper\paper458.jpg,paper
../data/trashnet\paper\paper168.jpg,paper
../data/trashnet\plastic\plastic390.jpg,plastic
../data/trashnet\plastic\plastic317.jpg,plastic
../data/trashnet\paper\paper353.jpg,paper
../data/trashnet\paper\paper50.jpg,paper
../data/trashnet\glass\glass52.jpg,glass
../data/trashnet\metal\metal12.jpg,metal
../data/trashnet\metal\metal79.jpg,metal
../data/trashnet\plastic\plastic193.jpg,plastic
../data/trashnet\glass\glass24.jpg,glass
../data/trashnet\plastic\plastic54.jpg,plastic
../data/trashnet\cardboard\cardboard127.jpg,cardboard
../data/trashnet\paper\paper143.jpg,paper
../data/trashnet\plastic\plastic340.jpg,plastic
../data/trashnet\metal\metal177.jpg,metal
../data/trashnet\cardboard\cardboard105.jpg,cardboard
../data/trashnet\metal\metal410.jpg,metal
../data/trashnet\plastic\plastic85.jpg,plastic
../data/trashnet\plastic\plastic149.jpg,plastic
../data/trashnet\paper\paper558.jpg,paper
../data/trashnet\cardboard\cardboard134.jpg,cardboard
../data/trashnet\cardboard\cardboard14.jpg,cardboard
../data/trashnet\metal\metal59.jpg,metal
../data/trashnet\glass\glass395.jpg,glass
../data/trashnet\plastic\plastic125.jpg,plastic
../data/trashnet\metal\metal276.jpg,metal
../data/trashnet\metal\metal36.jpg,metal
../data/trashnet\paper\paper250.jpg,paper
../data/trashnet\cardboard\cardboard205.jpg,cardboard
../data/trashnet\cardboard\cardboard323.jpg,cardboard
../data/trashnet\metal\metal5.jpg,metal
../data/trashnet\paper\paper486.jpg,paper
../data/trashnet\cardboard\cardboard231.jpg,cardboard
../data/trashnet\glass\glass45.jpg,glass
../data/trashnet\paper\paper71.jpg,paper
../data/trashnet\trash\trash136.jpg,trash
../data/trashnet\paper\paper32.jpg,paper
../data/trashnet\paper\paper72.jpg,paper
../data/trashnet\plastic\plastic235.jpg,plastic
../data/trashnet\cardboard\cardboard166.jpg,cardboard
../data/trashnet\metal\metal350.jpg,metal
../data/trashnet\cardboard\cardboard198.jpg,cardboard
../data/trashnet\metal\metal135.jpg,metal
../data/trashnet\paper\paper117.jpg,paper
../data/trashnet\metal\metal313.jpg,metal
../data/trashnet\paper\paper300.jpg,paper
../data/trashnet\trash\trash65.jpg,trash
../data/trashnet\glass\glass315.jpg,glass
../data/trashnet\glass\glass153.jpg,glass
../data/trashnet\glass\glass60.jpg,glass
../data/trashnet\cardboard\cardboard234.jpg,cardboard
../data/trashnet\metal\metal319.jpg,metal
../data/trashnet\paper\paper326.jpg,paper
../data/trashnet\glass\glass73.jpg,glass
../data/trashnet\plastic\plastic222.jpg,plastic
../data/trashnet\paper\paper174.jpg,paper
../data/trashnet\glass\glass264.jpg,glass
../data/trashnet\plastic\plastic25.jpg,plastic
../data/trashnet\trash\trash120.jpg,trash
../data/trashnet\plastic\plastic150.jpg,plastic
../data/trashnet\paper\paper134.jpg,paper
../data/trashnet\glass\glass309.jpg,glass
../data/trashnet\plastic\plastic417.jpg,plastic
../data/trashnet\glass\glass267.jpg,glass
../data/trashnet\glass\glass82.jpg,glass
../data/trashnet\cardboard\cardboard218.jpg,cardboard
../data/trashnet\plastic\plastic332.jpg,plastic
../data/trashnet\paper\paper499.jpg,paper
../data/trashnet\cardboard\cardboard44.jpg,cardboard
../data/trashnet\paper\paper559.jpg,paper
../data/trashnet\plastic\plastic434.jpg,plastic
../data/trashnet\paper\paper145.jpg,paper
../data/trashnet\paper\paper550.jpg,paper
../data/trashnet\glass\glass274.jpg,glass
../data/trashnet\glass\glass496.jpg,glass
../data/trashnet\glass\glass220.jpg,glass
../data/trashnet\metal\metal278.jpg,metal
../data/trashnet\paper\paper244.jpg,paper
../data/trashnet\paper\paper368.jpg,paper
../data/trashnet\glass\glass365.jpg,glass
../data/trashnet\cardboard\cardboard114.jpg,cardboard
../data/trashnet\glass\glass454.jpg,glass
../data/trashnet\glass\glass367.jpg,glass
../data/trashnet\paper\paper85.jpg,paper
../data/trashnet\glass\glass143.jpg,glass
../data/trashnet\paper\paper43.jpg,paper
../data/trashnet\plastic\plastic52.jpg,plastic
../data/trashnet\metal\metal229.jpg,metal
../data/trashnet\glass\glass289.jpg,glass
../data/trashnet\paper\paper199.jpg,paper
../data/trashnet\metal\metal172.jpg,metal
../data/trashnet\paper\paper58.jpg,paper
../data/trashnet\cardboard\cardboard152.jpg,cardboard
../data/trashnet\paper\paper7.jpg,paper
../data/trashnet\cardboard\cardboard211.jpg,cardboard
../data/trashnet\metal\metal66.jpg,metal
../data/trashnet\glass\glass249.jpg,glass
../data/trashnet\plastic\plastic393.jpg,plastic
../data/trashnet\paper\paper408.jpg,paper
../data/trashnet\cardboard\cardboard222.jpg,cardboard
../data/trashnet\paper\paper455.jpg,paper
../data/trashnet\glass\glass319.jpg,glass
../data/trashnet\plastic\plastic414.jpg,plastic
../data/trashnet\plastic\plastic112.jpg,plastic
../data/trashnet\glass\glass465.jpg,glass
../data/trashnet\trash\trash133.jpg,trash
../data/trashnet\trash\trash119.jpg,trash
../data/trashnet\metal\metal342.jpg,metal
../data/trashnet\cardboard\cardboard312.jpg,cardboard
../data/trashnet\cardboard\cardboard168.jpg,cardboard
../data/trashnet\glass\glass407.jpg,glass
../data/trashnet\plastic\plastic93.jpg,plastic
../data/trashnet\paper\paper65.jpg,paper
../data/trashnet\trash\trash81.jpg,trash
../data/trashnet\trash\trash57.jpg,trash
../data/trashnet\cardboard\cardboard65.jpg,cardboard
../data/trashnet\plastic\plastic329.jpg,plastic
../data/trashnet\glass\glass409.jpg,glass
../data/trashnet\paper\paper206.jpg,paper
../data/trashnet\trash\trash82.jpg,trash
../data/trashnet\glass\glass158.jpg,glass
../data/trashnet\paper\paper459.jpg,paper
../data/trashnet\cardboard\cardboard7.jpg,cardboard
../data/trashnet\glass\glass383.jpg,glass
../data/trashnet\paper\paper593.jpg,paper
../data/trashnet\trash\trash88.jpg,trash
../data/trashnet\metal\metal187.jpg,metal
../data/trashnet\trash\trash24.jpg,trash
../data/trashnet\metal\metal332.jpg,metal
../data/trashnet\metal\metal270.jpg,metal
../data/trashnet\plastic\plastic323.jpg,plastic
../data/trashnet\paper\paper376.jpg,paper
../data/trashnet\metal\metal133.jpg,metal
../data/trashnet\glass\glass384.jpg,glass
../data/trashnet\trash\trash70.jpg,trash
../data/trashnet\cardboard\cardboard200.jpg,cardboard
../data/trashnet\paper\paper194.jpg,paper
../data/trashnet\paper\paper57.jpg,paper
../data/trashnet\metal\metal258.jpg,metal
../data/trashnet\plastic\plastic113.jpg,plastic
../data/trashnet\paper\paper152.jpg,paper
../data/trashnet\glass\glass307.jpg,glass
../data/trashnet\plastic\plastic442.jpg,plastic
../data/trashnet\plastic\plastic221.jpg,plastic
../data/trashnet\glass\glass492.jpg,glass
../data/trashnet\plastic\plastic334.jpg,plastic
../data/trashnet\trash\trash43.jpg,trash
../data/trashnet\metal\metal305.jpg,metal
../data/trashnet\metal\metal318.jpg,metal
../data/trashnet\glass\glass352.jpg,glass
../data/trashnet\paper\paper89.jpg,paper
../data/trashnet\paper\paper307.jpg,paper
../data/trashnet\metal\metal279.jpg,metal
../data/trashnet\trash\trash39.jpg,trash
../data/trashnet\paper\paper567.jpg,paper
../data/trashnet\cardboard\cardboard167.jpg,cardboard
../data/trashnet\paper\paper12.jpg,paper
../data/trashnet\plastic\plastic118.jpg,plastic
../data/trashnet\paper\paper173.jpg,paper
../data/trashnet\glass\glass451.jpg,glass
../data/trashnet\glass\glass76.jpg,glass
../data/trashnet\plastic\plastic16.jpg,plastic
../data/trashnet\paper\paper395.jpg,paper
../data/trashnet\cardboard\cardboard31.jpg,cardboard
../data/trashnet\metal\metal159.jpg,metal
../data/trashnet\paper\paper325.jpg,paper
../data/trashnet\glass\glass171.jpg,glass
../data/trashnet\paper\paper233.jpg,paper
../data/trashnet\plastic\plastic95.jpg,plastic
../data/trashnet\metal\metal198.jpg,metal
../data/trashnet\plastic\plastic278.jpg,plastic
../data/trashnet\glass\glass270.jpg,glass
../data/trashnet\metal\metal262.jpg,metal
../data/trashnet\cardboard\cardboard202.jpg,cardboard
../data/trashnet\glass\glass221.jpg,glass
../data/trashnet\plastic\plastic444.jpg,plastic
../data/trashnet\glass\glass134.jpg,glass
../data/trashnet\plastic\plastic127.jpg,plastic
../data/trashnet\glass\glass439.jpg,glass
../data/trashnet\plastic\plastic335.jpg,plastic
../data/trashnet\metal\metal231.jpg,metal
../data/trashnet\trash\trash18.jpg,trash
../data/trashnet\glass\glass64.jpg,glass
../data/trashnet\glass\glass71.jpg,glass
../data/trashnet\paper\paper260.jpg,paper
../data/trashnet\plastic\plastic289.jpg,plastic
../data/trashnet\plastic\plastic142.jpg,plastic
../data/trashnet\paper\paper116.jpg,paper
../data/trashnet\metal\metal349.jpg,metal
../data/trashnet\metal\metal84.jpg,metal
../data/trashnet\paper\paper238.jpg,paper
../data/trashnet\metal\metal122.jpg,metal
../data/trashnet\metal\metal384.jpg,metal
../data/trashnet\cardboard\cardboard183.jpg,cardboard
../data/trashnet\glass\glass198.jpg,glass
../data/trashnet\plastic\plastic406.jpg,plastic
../data/trashnet\paper\paper364.jpg,paper
../data/trashnet\metal\metal182.jpg,metal
../data/trashnet\cardboard\cardboard267.jpg,cardboard
../data/trashnet\trash\trash99.jpg,trash
../data/trashnet\plastic\plastic117.jpg,plastic
../data/trashnet\plastic\plastic466.jpg,plastic
../data/trashnet\paper\paper248.jpg,paper
../data/trashnet\paper\paper538.jpg,paper
../data/trashnet\glass\glass139.jpg,glass
../data/trashnet\cardboard\cardboard230.jpg,cardboard
../data/trashnet\metal\metal195.jpg,metal
../data/trashnet\glass\glass102.jpg,glass
../data/trashnet\cardboard\cardboard103.jpg,cardboard
../data/trashnet\metal\metal263.jpg,metal
../data/trashnet\glass\glass81.jpg,glass
../data/trashnet\glass\glass43.jpg,glass
../data/trashnet\plastic\plastic382.jpg,plastic
../data/trashnet\cardboard\cardboard308.jpg,cardboard
../data/trashnet\glass\glass472.jpg,glass
../data/trashnet\paper\paper73.jpg,paper
../data/trashnet\cardboard\cardboard283.jpg,cardboard
../data/trashnet\plastic\plastic476.jpg,plastic
../data/trashnet\glass\glass197.jpg,glass
../data/trashnet\paper\paper271.jpg,paper
../data/trashnet\cardboard\cardboard57.jpg,cardboard
../data/trashnet\metal\metal296.jpg,metal
../data/trashnet\glass\glass411.jpg,glass
../data/trashnet\plastic\plastic88.jpg,plastic
../data/trashnet\cardboard\cardboard21.jpg,cardboard
../data/trashnet\glass\glass470.jpg,glass
../data/trashnet\glass\glass423.jpg,glass
../data/trashnet\glass\glass40.jpg,glass
../data/trashnet\paper\paper35.jpg,paper
../data/trashnet\paper\paper49.jpg,paper
../data/trashnet\glass\glass236.jpg,glass
../data/trashnet\metal\metal157.jpg,metal
../data/trashnet\glass\glass276.jpg,glass
../data/trashnet\paper\paper309.jpg,paper
../data/trashnet\paper\paper366.jpg,paper
../data/trashnet\paper\paper502.jpg,paper
../data/trashnet\trash\trash114.jpg,trash
../data/trashnet\glass\glass342.jpg,glass
../data/trashnet\plastic\plastic22.jpg,plastic
../data/trashnet\paper\paper363.jpg,paper
../data/trashnet\plastic\plastic191.jpg,plastic
../data/trashnet\plastic\plastic143.jpg,plastic
../data/trashnet\plastic\plastic260.jpg,plastic
../data/trashnet\paper\paper551.jpg,paper
../data/trashnet\glass\glass149.jpg,glass
../data/trashnet\paper\paper317.jpg,paper
../data/trashnet\metal\metal10.jpg,metal
../data/trashnet\paper\paper401.jpg,paper
../data/trashnet\glass\glass279.jpg,glass
../data/trashnet\paper\paper351.jpg,paper
../data/trashnet\cardboard\cardboard193.jpg,cardboard
../data/trashnet\paper\paper193.jpg,paper
../data/trashnet\cardboard\cardboard36.jpg,cardboard
../data/trashnet\glass\glass195.jpg,glass
../data/trashnet\plastic\plastic467.jpg,plastic
../data/trashnet\metal\metal232.jpg,metal
../data/trashnet\cardboard\cardboard156.jpg,cardboard
../data/trashnet\metal\metal30.jpg,metal
../data/trashnet\metal\metal242.jpg,metal
../data/trashnet\glass\glass10.jpg,glass
../data/trashnet\paper\paper466.jpg,paper
../data/trashnet\glass\glass164.jpg,glass
../data/trashnet\glass\glass121.jpg,glass
../data/trashnet\paper\paper131.jpg,paper
../data/trashnet\metal\metal308.jpg,metal
../data/trashnet\paper\paper360.jpg,paper
../data/trashnet\paper\paper504.jpg,paper
../data/trashnet\glass\glass77.jpg,glass
../data/trashnet\plastic\plastic71.jpg,plastic
../data/trashnet\paper\paper209.jpg,paper
../data/trashnet\metal\metal178.jpg,metal
../data/trashnet\metal\metal328.jpg,metal
../data/trashnet\plastic\plastic53.jpg,plastic
../data/trashnet\paper\paper306.jpg,paper
../data/trashnet\paper\paper276.jpg,paper
../data/trashnet\cardboard\cardboard161.jpg,cardboard
../data/trashnet\paper\paper418.jpg,paper
../data/trashnet\glass\glass293.jpg,glass
../data/trashnet\metal\metal73.jpg,metal
../data/trashnet\paper\paper141.jpg,paper
../data/trashnet\cardboard\cardboard309.jpg,cardboard
../data/trashnet\trash\trash49.jpg,trash
../data/trashnet\glass\glass51.jpg,glass
../data/trashnet\cardboard\cardboard349.jpg,cardboard
../data/trashnet\plastic\plastic202.jpg,plastic
../data/trashnet\metal\metal405.jpg,metal
../data/trashnet\glass\glass446.jpg,glass
../data/trashnet\cardboard\cardboard328.jpg,cardboard
../data/trashnet\plastic\plastic311.jpg,plastic
../data/trashnet\metal\metal86.jpg,metal
../data/trashnet\metal\metal47.jpg,metal
../data/trashnet\glass\glass152.jpg,glass
../data/trashnet\plastic\plastic447.jpg,plastic
../data/trashnet\plastic\plastic420.jpg,plastic
../data/trashnet\glass\glass358.jpg,glass
../data/trashnet\glass\glass351.jpg,glass
../data/trashnet\trash\trash137.jpg,trash
../data/trashnet\glass\glass360.jpg,glass
../data/trashnet\cardboard\cardboard70.jpg,cardboard
../data/trashnet\plastic\plastic30.jpg,plastic
../data/trashnet\paper\paper24.jpg,paper
../data/trashnet\cardboard\cardboard109.jpg,cardboard
../data/trashnet\metal\metal375.jpg,metal
../data/trashnet\glass\glass435.jpg,glass
../data/trashnet\glass\glass219.jpg,glass
../data/trashnet\glass\glass430.jpg,glass
../data/trashnet\paper\paper286.jpg,paper
../data/trashnet\paper\paper188.jpg,paper
../data/trashnet\glass\glass497.jpg,glass
../data/trashnet\paper\paper218.jpg,paper
../data/trashnet\cardboard\cardboard224.jpg,cardboard
../data/trashnet\glass\glass169.jpg,glass
../data/trashnet\plastic\plastic470.jpg,plastic
../data/trashnet\cardboard\cardboard61.jpg,cardboard
../data/trashnet\metal\metal325.jpg,metal
../data/trashnet\metal\metal14.jpg,metal
../data/trashnet\paper\paper2.jpg,paper
../data/trashnet\cardboard\cardboard162.jpg,cardboard
../data/trashnet\plastic\plastic108.jpg,plastic
../data/trashnet\cardboard\cardboard334.jpg,cardboard
../data/trashnet\glass\glass335.jpg,glass
../data/trashnet\plastic\plastic408.jpg,plastic
../data/trashnet\paper\paper569.jpg,paper
../data/trashnet\cardboard\cardboard174.jpg,cardboard
../data/trashnet\trash\trash76.jpg,trash
../data/trashnet\glass\glass437.jpg,glass
../data/trashnet\plastic\plastic468.jpg,plastic
../data/trashnet\cardboard\cardboard185.jpg,cardboard
../data/trashnet\metal\metal368.jpg,metal
../data/trashnet\metal\metal398.jpg,metal
../data/trashnet\plastic\plastic70.jpg,plastic
../data/trashnet\plastic\plastic310.jpg,plastic
../data/trashnet\metal\metal35.jpg,metal
../data/trashnet\glass\glass54.jpg,glass
../data/trashnet\plastic\plastic175.jpg,plastic
../data/trashnet\plastic\plastic147.jpg,plastic
../data/trashnet\plastic\plastic320.jpg,plastic
../data/trashnet\paper\paper11.jpg,paper
../data/trashnet\cardboard\cardboard380.jpg,cardboard
../data/trashnet\paper\paper88.jpg,paper
../data/trashnet\paper\paper452.jpg,paper
../data/trashnet\glass\glass256.jpg,glass
../data/trashnet\paper\paper402.jpg,paper
../data/trashnet\plastic\plastic273.jpg,plastic
../data/trashnet\cardboard\cardboard338.jpg,cardboard
../data/trashnet\glass\glass338.jpg,glass
../data/trashnet\paper\paper204.jpg,paper
../data/trashnet\trash\trash38.jpg,trash
../data/trashnet\paper\paper536.jpg,paper
../data/trashnet\cardboard\cardboard108.jpg,cardboard
../data/trashnet\paper\paper47.jpg,paper
../data/trashnet\plastic\plastic238.jpg,plastic
../data/trashnet\plastic\plastic188.jpg,plastic
../data/trashnet\plastic\plastic59.jpg,plastic
../data/trashnet\paper\paper130.jpg,paper
../data/trashnet\trash\trash32.jpg,trash
../data/trashnet\plastic\plastic481.jpg,plastic
../data/trashnet\glass\glass436.jpg,glass
../data/trashnet\trash\trash13.jpg,trash
../data/trashnet\plastic\plastic208.jpg,plastic
../data/trashnet\metal\metal95.jpg,metal
../data/trashnet\cardboard\cardboard130.jpg,cardboard
../data/trashnet\metal\metal286.jpg,metal
../data/trashnet\plastic\plastic330.jpg,plastic
../data/trashnet\metal\metal211.jpg,metal
../data/trashnet\trash\trash84.jpg,trash
../data/trashnet\paper\paper175.jpg,paper
../data/trashnet\plastic\plastic56.jpg,plastic
../data/trashnet\glass\glass90.jpg,glass
../data/trashnet\cardboard\cardboard321.jpg,cardboard
../data/trashnet\cardboard\cardboard125.jpg,cardboard
../data/trashnet\paper\paper211.jpg,paper
../data/trashnet\paper\paper222.jpg,paper
../data/trashnet\plastic\plastic186.jpg,plastic
../data/trashnet\paper\paper445.jpg,paper
../data/trashnet\cardboard\cardboard388.jpg,cardboard
../data/trashnet\metal\metal168.jpg,metal
../data/trashnet\paper\paper501.jpg,paper
../data/trashnet\trash\trash100.jpg,trash
../data/trashnet\glass\glass89.jpg,glass
../data/trashnet\paper\paper154.jpg,paper
../data/trashnet\paper\paper391.jpg,paper
../data/trashnet\metal\metal355.jpg,metal
../data/trashnet\metal\metal94.jpg,metal
../data/trashnet\glass\glass170.jpg,glass
../data/trashnet\glass\glass457.jpg,glass
../data/trashnet\plastic\plastic472.jpg,plastic
../data/trashnet\paper\paper291.jpg,paper
../data/trashnet\cardboard\cardboard176.jpg,cardboard
../data/trashnet\paper\paper476.jpg,paper
../data/trashnet\metal\metal357.jpg,metal
../data/trashnet\paper\paper22.jpg,paper
../data/trashnet\glass\glass498.jpg,glass
../data/trashnet\paper\paper397.jpg,paper
../data/trashnet\plastic\plastic192.jpg,plastic
../data/trashnet\paper\paper578.jpg,paper
../data/trashnet\cardboard\cardboard386.jpg,cardboard
../data/trashnet\paper\paper41.jpg,paper
../data/trashnet\glass\glass443.jpg,glass
../data/trashnet\cardboard\cardboard39.jpg,cardboard
../data/trashnet\plastic\plastic297.jpg,plastic
../data/trashnet\cardboard\cardboard158.jpg,cardboard
../data/trashnet\metal\metal7.jpg,metal
../data/trashnet\glass\glass88.jpg,glass
../data/trashnet\metal\metal288.jpg,metal
../data/trashnet\metal\metal291.jpg,metal
../data/trashnet\glass\glass397.jpg,glass
../data/trashnet\paper\paper566.jpg,paper
../data/trashnet\glass\glass501.jpg,glass
../data/trashnet\metal\metal65.jpg,metal
../data/trashnet\glass\glass428.jpg,glass
../data/trashnet\paper\paper311.jpg,paper
../data/trashnet\plastic\plastic339.jpg,plastic
../data/trashnet\trash\trash42.jpg,trash
../data/trashnet\glass\glass499.jpg,glass
../data/trashnet\metal\metal401.jpg,metal
../data/trashnet\glass\glass180.jpg,glass
../data/trashnet\paper\paper424.jpg,paper
../data/trashnet\glass\glass94.jpg,glass
../data/trashnet\cardboard\cardboard361.jpg,cardboard
../data/trashnet\paper\paper83.jpg,paper
../data/trashnet\plastic\plastic263.jpg,plastic
../data/trashnet\glass\glass105.jpg,glass
../data/trashnet\cardboard\cardboard9.jpg,cardboard
../data/trashnet\cardboard\cardboard227.jpg,cardboard
../data/trashnet\glass\glass438.jpg,glass
../data/trashnet\metal\metal193.jpg,metal
../data/trashnet\glass\glass56.jpg,glass
../data/trashnet\metal\metal361.jpg,metal
../data/trashnet\plastic\plastic244.jpg,plastic
../data/trashnet\glass\glass63.jpg,glass
../data/trashnet\glass\glass4.jpg,glass
../data/trashnet\metal\metal106.jpg,metal
../data/trashnet\metal\metal321.jpg,metal
../data/trashnet\plastic\plastic162.jpg,plastic
../data/trashnet\paper\paper474.jpg,paper
../data/trashnet\paper\paper19.jpg,paper
../data/trashnet\plastic\plastic179.jpg,plastic
../data/trashnet\paper\paper242.jpg,paper
../data/trashnet\cardboard\cardboard272.jpg,cardboard
../data/trashnet\glass\glass484.jpg,glass
../data/trashnet\metal\metal396.jpg,metal
../data/trashnet\paper\paper512.jpg,paper
../data/trashnet\cardboard\cardboard164.jpg,cardboard
../data/trashnet\metal\metal33.jpg,metal
../data/trashnet\paper\paper305.jpg,paper
../data/trashnet\metal\metal142.jpg,metal
../data/trashnet\glass\glass261.jpg,glass
../data/trashnet\glass\glass174.jpg,glass
../data/trashnet\cardboard\cardboard322.jpg,cardboard
../data/trashnet\plastic\plastic372.jpg,plastic
../data/trashnet\metal\metal191.jpg,metal
../data/trashnet\glass\glass334.jpg,glass
../data/trashnet\cardboard\cardboard20.jpg,cardboard
../data/trashnet\metal\metal343.jpg,metal
../data/trashnet\paper\paper491.jpg,paper
../data/trashnet\glass\glass87.jpg,glass
../data/trashnet\plastic\plastic270.jpg,plastic
../data/trashnet\glass\glass403.jpg,glass
../data/trashnet\cardboard\cardboard26.jpg,cardboard
../data/trashnet\glass\glass113.jpg,glass
../data/trashnet\cardboard\cardboard184.jpg,cardboard
../data/trashnet\paper\paper472.jpg,paper
../data/trashnet\glass\glass371.jpg,glass
../data/trashnet\cardboard\cardboard98.jpg,cardboard
../data/trashnet\glass\glass120.jpg,glass
../data/trashnet\glass\glass325.jpg,glass
../data/trashnet\paper\paper301.jpg,paper
../data/trashnet\glass\glass416.jpg,glass
../data/trashnet\glass\glass305.jpg,glass
../data/trashnet\paper\paper581.jpg,paper
../data/trashnet\metal\metal244.jpg,metal
../data/trashnet\glass\glass129.jpg,glass
../data/trashnet\paper\paper420.jpg,paper
../data/trashnet\cardboard\cardboard262.jpg,cardboard
../data/trashnet\trash\trash29.jpg,trash
../data/trashnet\plastic\plastic91.jpg,plastic
../data/trashnet\plastic\plastic275.jpg,plastic
../data/trashnet\paper\paper127.jpg,paper
../data/trashnet\cardboard\cardboard95.jpg,cardboard
../data/trashnet\plastic\plastic364.jpg,plastic
../data/trashnet\metal\metal189.jpg,metal
../data/trashnet\glass\glass146.jpg,glass
../data/trashnet\plastic\plastic308.jpg,plastic
../data/trashnet\paper\paper388.jpg,paper
../data/trashnet\glass\glass227.jpg,glass
../data/trashnet\cardboard\cardboard374.jpg,cardboard
../data/trashnet\glass\glass471.jpg,glass
../data/trashnet\cardboard\cardboard225.jpg,cardboard
../data/trashnet\paper\paper561.jpg,paper
../data/trashnet\cardboard\cardboard288.jpg,cardboard
../data/trashnet\plastic\plastic153.jpg,plastic
../data/trashnet\glass\glass217.jpg,glass
../data/trashnet\glass\glass70.jpg,glass
../data/trashnet\glass\glass300.jpg,glass
../data/trashnet\plastic\plastic194.jpg,plastic
../data/trashnet\plastic\plastic21.jpg,plastic
../data/trashnet\glass\glass417.jpg,glass
../data/trashnet\paper\paper446.jpg,paper
../data/trashnet\glass\glass283.jpg,glass
../data/trashnet\metal\metal176.jpg,metal
../data/trashnet\glass\glass154.jpg,glass
../data/trashnet\paper\paper577.jpg,paper
../data/trashnet\plastic\plastic425.jpg,plastic
../data/trashnet\glass\glass317.jpg,glass
../data/trashnet\glass\glass173.jpg,glass
../data/trashnet\glass\glass37.jpg,glass
../data/trashnet\metal\metal408.jpg,metal
../data/trashnet\glass\glass486.jpg,glass
../data/trashnet\glass\glass29.jpg,glass
../data/trashnet\paper\paper77.jpg,paper
../data/trashnet\paper\paper281.jpg,paper
../data/trashnet\paper\paper156.jpg,paper
../data/trashnet\cardboard\cardboard149.jpg,cardboard
../data/trashnet\plastic\plastic437.jpg,plastic
../data/trashnet\cardboard\cardboard81.jpg,cardboard
../data/trashnet\plastic\plastic32.jpg,plastic
../data/trashnet\cardboard\cardboard131.jpg,cardboard
../data/trashnet\metal\metal275.jpg,metal
../data/trashnet\glass\glass28.jpg,glass
../data/trashnet\cardboard\cardboard48.jpg,cardboard
../data/trashnet\paper\paper15.jpg,paper
../data/trashnet\paper\paper256.jpg,paper
../data/trashnet\paper\paper453.jpg,paper
../data/trashnet\metal\metal329.jpg,metal
../data/trashnet\plastic\plastic132.jpg,plastic
../data/trashnet\metal\metal257.jpg,metal
../data/trashnet\plastic\plastic240.jpg,plastic
../data/trashnet\metal\metal52.jpg,metal
../data/trashnet\cardboard\cardboard177.jpg,cardboard
../data/trashnet\metal\metal391.jpg,metal
../data/trashnet\cardboard\cardboard196.jpg,cardboard
../data/trashnet\glass\glass298.jpg,glass
../data/trashnet\paper\paper507.jpg,paper
../data/trashnet\metal\metal32.jpg,metal
../data/trashnet\glass\glass353.jpg,glass
../data/trashnet\cardboard\cardboard356.jpg,cardboard
../data/trashnet\plastic\plastic419.jpg,plastic
../data/trashnet\plastic\plastic403.jpg,plastic
../data/trashnet\metal\metal81.jpg,metal
../data/trashnet\glass\glass93.jpg,glass
../data/trashnet\cardboard\cardboard346.jpg,cardboard
../data/trashnet\plastic\plastic279.jpg,plastic
../data/trashnet\cardboard\cardboard289.jpg,cardboard
../data/trashnet\metal\metal96.jpg,metal
../data/trashnet\trash\trash46.jpg,trash
../data/trashnet\plastic\plastic305.jpg,plastic
../data/trashnet\trash\trash115.jpg,trash
../data/trashnet\glass\glass354.jpg,glass
../data/trashnet\metal\metal49.jpg,metal
../data/trashnet\plastic\plastic19.jpg,plastic
../data/trashnet\paper\paper441.jpg,paper
../data/trashnet\metal\metal316.jpg,metal
../data/trashnet\glass\glass469.jpg,glass
../data/trashnet\trash\trash95.jpg,trash
../data/trashnet\plastic\plastic78.jpg,plastic
../data/trashnet\plastic\plastic459.jpg,plastic
../data/trashnet\trash\trash45.jpg,trash
../data/trashnet\paper\paper549.jpg,paper
../data/trashnet\metal\metal269.jpg,metal
../data/trashnet\glass\glass424.jpg,glass
../data/trashnet\plastic\plastic124.jpg,plastic
../data/trashnet\metal\metal113.jpg,metal
../data/trashnet\metal\metal395.jpg,metal
../data/trashnet\paper\paper137.jpg,paper
../data/trashnet\paper\paper429.jpg,paper
../data/trashnet\paper\paper399.jpg,paper
../data/trashnet\metal\metal100.jpg,metal
../data/trashnet\metal\metal156.jpg,metal
../data/trashnet\plastic\plastic39.jpg,plastic
../data/trashnet\glass\glass118.jpg,glass
../data/trashnet\cardboard\cardboard317.jpg,cardboard
../data/trashnet\metal\metal164.jpg,metal
../data/trashnet\paper\paper374.jpg,paper
../data/trashnet\metal\metal155.jpg,metal
../data/trashnet\cardboard\cardboard255.jpg,cardboard
../data/trashnet\plastic\plastic84.jpg,plastic
../data/trashnet\glass\glass79.jpg,glass
../data/trashnet\paper\paper468.jpg,paper
../data/trashnet\paper\paper277.jpg,paper
../data/trashnet\glass\glass464.jpg,glass
../data/trashnet\plastic\plastic94.jpg,plastic
../data/trashnet\metal\metal23.jpg,metal
../data/trashnet\glass\glass68.jpg,glass
../data/trashnet\metal\metal284.jpg,metal
../data/trashnet\cardboard\cardboard319.jpg,cardboard
../data/trashnet\paper\paper280.jpg,paper
../data/trashnet\cardboard\cardboard212.jpg,cardboard
../data/trashnet\trash\trash98.jpg,trash
../data/trashnet\trash\trash28.jpg,trash
../data/trashnet\metal\metal163.jpg,metal
../data/trashnet\plastic\plastic471.jpg,plastic
../data/trashnet\plastic\plastic144.jpg,plastic
../data/trashnet\cardboard\cardboard276.jpg,cardboard
../data/trashnet\cardboard\cardboard226.jpg,cardboard
../data/trashnet\trash\trash111.jpg,trash
../data/trashnet\cardboard\cardboard180.jpg,cardboard
../data/trashnet\glass\glass91.jpg,glass
../data/trashnet\paper\paper321.jpg,paper
../data/trashnet\metal\metal248.jpg,metal
../data/trashnet\paper\paper259.jpg,paper
../data/trashnet\cardboard\cardboard389.jpg,cardboard
../data/trashnet\glass\glass44.jpg,glass
../data/trashnet\cardboard\cardboard62.jpg,cardboard
../data/trashnet\paper\paper523.jpg,paper
../data/trashnet\paper\paper580.jpg,paper
../data/trashnet\paper\paper254.jpg,paper
../data/trashnet\paper\paper440.jpg,paper
../data/trashnet\plastic\plastic65.jpg,plastic
../data/trashnet\glass\glass125.jpg,glass
../data/trashnet\metal\metal298.jpg,metal
../data/trashnet\paper\paper202.jpg,paper
../data/trashnet\metal\metal38.jpg,metal
../data/trashnet\paper\paper282.jpg,paper
../data/trashnet\glass\glass324.jpg,glass
../data/trashnet\paper\paper5.jpg,paper
../data/trashnet\trash\trash131.jpg,trash
../data/trashnet\trash\trash35.jpg,trash
../data/trashnet\plastic\plastic458.jpg,plastic
../data/trashnet\metal\metal340.jpg,metal
../data/trashnet\glass\glass163.jpg,glass
../data/trashnet\plastic\plastic190.jpg,plastic
../data/trashnet\metal\metal137.jpg,metal
../data/trashnet\paper\paper509.jpg,paper
../data/trashnet\paper\paper205.jpg,paper
../data/trashnet\paper\paper183.jpg,paper
../data/trashnet\plastic\plastic248.jpg,plastic
../data/trashnet\glass\glass281.jpg,glass
../data/trashnet\paper\paper33.jpg,paper
../data/trashnet\paper\paper355.jpg,paper
../data/trashnet\metal\metal88.jpg,metal
../data/trashnet\glass\glass399.jpg,glass
../data/trashnet\cardboard\cardboard344.jpg,cardboard
../data/trashnet\plastic\plastic2.jpg,plastic
../data/trashnet\metal\metal236.jpg,metal
../data/trashnet\cardboard\cardboard339.jpg,cardboard
../data/trashnet\paper\paper322.jpg,paper
../data/trashnet\cardboard\cardboard172.jpg,cardboard
../data/trashnet\glass\glass23.jpg,glass
../data/trashnet\cardboard\cardboard77.jpg,cardboard
../data/trashnet\plastic\plastic478.jpg,plastic
../data/trashnet\metal\metal125.jpg,metal
../data/trashnet\metal\metal372.jpg,metal
../data/trashnet\plastic\plastic475.jpg,plastic
../data/trashnet\paper\paper513.jpg,paper
../data/trashnet\plastic\plastic386.jpg,plastic
../data/trashnet\glass\glass210.jpg,glass
../data/trashnet\plastic\plastic280.jpg,plastic
../data/trashnet\glass\glass341.jpg,glass
../data/trashnet\paper\paper573.jpg,paper
../data/trashnet\glass\glass419.jpg,glass
../data/trashnet\glass\glass251.jpg,glass
../data/trashnet\paper\paper565.jpg,paper
../data/trashnet\trash\trash3.jpg,trash
../data/trashnet\plastic\plastic165.jpg,plastic
../data/trashnet\paper\paper227.jpg,paper
../data/trashnet\paper\paper262.jpg,paper
../data/trashnet\cardboard\cardboard94.jpg,cardboard
../data/trashnet\paper\paper177.jpg,paper
../data/trashnet\cardboard\cardboard379.jpg,cardboard
../data/trashnet\cardboard\cardboard373.jpg,cardboard
../data/trashnet\glass\glass207.jpg,glass
../data/trashnet\metal\metal246.jpg,metal
../data/trashnet\metal\metal39.jpg,metal
../data/trashnet\plastic\plastic216.jpg,plastic
../data/trashnet\paper\paper118.jpg,paper
../data/trashnet\cardboard\cardboard238.jpg,cardboard
../data/trashnet\paper\paper297.jpg,paper
../data/trashnet\glass\glass116.jpg,glass
../data/trashnet\plastic\plastic72.jpg,plastic
../data/trashnet\paper\paper26.jpg,paper
../data/trashnet\plastic\plastic184.jpg,plastic
../data/trashnet\cardboard\cardboard240.jpg,cardboard
../data/trashnet\metal\metal302.jpg,metal
../data/trashnet\paper\paper264.jpg,paper
../data/trashnet\paper\paper384.jpg,paper
../data/trashnet\paper\paper146.jpg,paper
../data/trashnet\paper\paper70.jpg,paper
../data/trashnet\glass\glass104.jpg,glass
../data/trashnet\paper\paper234.jpg,paper
../data/trashnet\plastic\plastic366.jpg,plastic
../data/trashnet\plastic\plastic452.jpg,plastic
../data/trashnet\plastic\plastic224.jpg,plastic
../data/trashnet\paper\paper10.jpg,paper
../data/trashnet\cardboard\cardboard133.jpg,cardboard
../data/trashnet\paper\paper506.jpg,paper
../data/trashnet\glass\glass280.jpg,glass
../data/trashnet\glass\glass216.jpg,glass
../data/trashnet\glass\glass266.jpg,glass
../data/trashnet\cardboard\cardboard340.jpg,cardboard
../data/trashnet\trash\trash6.jpg,trash
../data/trashnet\paper\paper444.jpg,paper
../data/trashnet\glass\glass460.jpg,glass
../data/trashnet\plastic\plastic343.jpg,plastic
../data/trashnet\paper\paper356.jpg,paper
../data/trashnet\cardboard\cardboard58.jpg,cardboard
../data/trashnet\paper\paper586.jpg,paper
../data/trashnet\paper\paper329.jpg,paper
../data/trashnet\paper\paper516.jpg,paper
../data/trashnet\cardboard\cardboard100.jpg,cardboard
../data/trashnet\trash\trash20.jpg,trash
../data/trashnet\plastic\plastic469.jpg,plastic
../data/trashnet\paper\paper393.jpg,paper
../data/trashnet\glass\glass205.jpg,glass
../data/trashnet\plastic\plastic421.jpg,plastic
../data/trashnet\metal\metal238.jpg,metal
../data/trashnet\paper\paper383.jpg,paper
../data/trashnet\plastic\plastic407.jpg,plastic
../data/trashnet\paper\paper409.jpg,paper
../data/trashnet\glass\glass306.jpg,glass
../data/trashnet\plastic\plastic241.jpg,plastic
../data/trashnet\paper\paper488.jpg,paper
../data/trashnet\cardboard\cardboard390.jpg,cardboard
../data/trashnet\plastic\plastic122.jpg,plastic
../data/trashnet\paper\paper119.jpg,paper
../data/trashnet\glass\glass202.jpg,glass
../data/trashnet\cardboard\cardboard206.jpg,cardboard
../data/trashnet\paper\paper9.jpg,paper
../data/trashnet\paper\paper553.jpg,paper
../data/trashnet\paper\paper121.jpg,paper
../data/trashnet\paper\paper428.jpg,paper
../data/trashnet\plastic\plastic450.jpg,plastic
../data/trashnet\cardboard\cardboard298.jpg,cardboard
../data/trashnet\paper\paper517.jpg,paper
../data/trashnet\glass\glass468.jpg,glass
../data/trashnet\cardboard\cardboard74.jpg,cardboard
../data/trashnet\cardboard\cardboard107.jpg,cardboard
../data/trashnet\metal\metal128.jpg,metal
../data/trashnet\glass\glass47.jpg,glass
../data/trashnet\metal\metal376.jpg,metal
../data/trashnet\plastic\plastic296.jpg,plastic
../data/trashnet\glass\glass278.jpg,glass
../data/trashnet\cardboard\cardboard136.jpg,cardboard
../data/trashnet\glass\glass122.jpg,glass
../data/trashnet\paper\paper537.jpg,paper
../data/trashnet\cardboard\cardboard393.jpg,cardboard
../data/trashnet\plastic\plastic322.jpg,plastic
../data/trashnet\plastic\plastic11.jpg,plastic
../data/trashnet\plastic\plastic337.jpg,plastic
../data/trashnet\plastic\plastic269.jpg,plastic
../data/trashnet\glass\glass466.jpg,glass
../data/trashnet\glass\glass127.jpg,glass
../data/trashnet\trash\trash22.jpg,trash
../data/trashnet\cardboard\cardboard313.jpg,cardboard
../data/trashnet\glass\glass491.jpg,glass
../data/trashnet\trash\trash61.jpg,trash
../data/trashnet\plastic\plastic50.jpg,plastic
../data/trashnet\metal\metal347.jpg,metal
../data/trashnet\glass\glass38.jpg,glass
../data/trashnet\plastic\plastic223.jpg,plastic
../data/trashnet\cardboard\cardboard314.jpg,cardboard
../data/trashnet\metal\metal393.jpg,metal
../data/trashnet\glass\glass46.jpg,glass
../data/trashnet\cardboard\cardboard362.jpg,cardboard
../data/trashnet\cardboard\cardboard264.jpg,cardboard
../data/trashnet\cardboard\cardboard122.jpg,cardboard
../data/trashnet\metal\metal149.jpg,metal
../data/trashnet\metal\metal17.jpg,metal
../data/trashnet\cardboard\cardboard82.jpg,cardboard
../data/trashnet\plastic\plastic301.jpg,plastic
../data/trashnet\glass\glass199.jpg,glass
../data/trashnet\plastic\plastic164.jpg,plastic
../data/trashnet\metal\metal239.jpg,metal
../data/trashnet\paper\paper27.jpg,paper
../data/trashnet\plastic\plastic212.jpg,plastic
../data/trashnet\trash\trash7.jpg,trash
../data/trashnet\plastic\plastic325.jpg,plastic
../data/trashnet\paper\paper312.jpg,paper
../data/trashnet\paper\paper436.jpg,paper
../data/trashnet\metal\metal72.jpg,metal
../data/trashnet\glass\glass135.jpg,glass
../data/trashnet\cardboard\cardboard173.jpg,cardboard
../data/trashnet\plastic\plastic451.jpg,plastic
../data/trashnet\paper\paper354.jpg,paper
../data/trashnet\plastic\plastic233.jpg,plastic
../data/trashnet\cardboard\cardboard301.jpg,cardboard
../data/trashnet\metal\metal197.jpg,metal
../data/trashnet\cardboard\cardboard52.jpg,cardboard
../data/trashnet\metal\metal78.jpg,metal
../data/trashnet\plastic\plastic430.jpg,plastic
../data/trashnet\trash\trash96.jpg,trash
../data/trashnet\paper\paper308.jpg,paper
../data/trashnet\glass\glass257.jpg,glass
../data/trashnet\metal\metal196.jpg,metal
../data/trashnet\plastic\plastic217.jpg,plastic
../data/trashnet\paper\paper115.jpg,paper
../data/trashnet\cardboard\cardboard241.jpg,cardboard
../data/trashnet\metal\metal6.jpg,metal
../data/trashnet\glass\glass414.jpg,glass
../data/trashnet\trash\trash69.jpg,trash
../data/trashnet\cardboard\cardboard229.jpg,cardboard
../data/trashnet\plastic\plastic128.jpg,plastic
../data/trashnet\paper\paper411.jpg,paper
../data/trashnet\cardboard\cardboard145.jpg,cardboard
../data/trashnet\metal\metal200.jpg,metal
../data/trashnet\glass\glass392.jpg,glass
../data/trashnet\glass\glass100.jpg,glass
../data/trashnet\paper\paper18.jpg,paper
../data/trashnet\metal\metal209.jpg,metal
../data/trashnet\trash\trash1.jpg,trash
../data/trashnet\paper\paper163.jpg,paper
../data/trashnet\glass\glass314.jpg,glass
../data/trashnet\cardboard\cardboard287.jpg,cardboard
../data/trashnet\trash\trash87.jpg,trash
../data/trashnet\metal\metal171.jpg,metal
../data/trashnet\glass\glass475.jpg,glass
../data/trashnet\metal\metal366.jpg,metal
../data/trashnet\plastic\plastic318.jpg,plastic
../data/trashnet\metal\metal28.jpg,metal
../data/trashnet\trash\trash17.jpg,trash
../data/trashnet\cardboard\cardboard2.jpg,cardboard
../data/trashnet\glass\glass481.jpg,glass
../data/trashnet\metal\metal404.jpg,metal
../data/trashnet\cardboard\cardboard394.jpg,cardboard
../data/trashnet\cardboard\cardboard153.jpg,cardboard
../data/trashnet\glass\glass364.jpg,glass
../data/trashnet\cardboard\cardboard335.jpg,cardboard
../data/trashnet\cardboard\cardboard246.jpg,cardboard
../data/trashnet\plastic\plastic157.jpg,plastic
../data/trashnet\plastic\plastic281.jpg,plastic
../data/trashnet\metal\metal212.jpg,metal
../data/trashnet\plastic\plastic219.jpg,plastic
../data/trashnet\plastic\plastic136.jpg,plastic
../data/trashnet\paper\paper123.jpg,paper
../data/trashnet\paper\paper289.jpg,paper
../data/trashnet\glass\glass59.jpg,glass
../data/trashnet\paper\paper107.jpg,paper
../data/trashnet\glass\glass374.jpg,glass
../data/trashnet\paper\paper189.jpg,paper
../data/trashnet\glass\glass117.jpg,glass
../data/trashnet\plastic\plastic230.jpg,plastic
../data/trashnet\paper\paper407.jpg,paper
../data/trashnet\plastic\plastic185.jpg,plastic
../data/trashnet\paper\paper200.jpg,paper
../data/trashnet\glass\glass159.jpg,glass
../data/trashnet\paper\paper249.jpg,paper
../data/trashnet\plastic\plastic172.jpg,plastic
../data/trashnet\plastic\plastic254.jpg,plastic
../data/trashnet\cardboard\cardboard297.jpg,cardboard
../data/trashnet\plastic\plastic213.jpg,plastic
../data/trashnet\glass\glass375.jpg,glass
../data/trashnet\plastic\plastic40.jpg,plastic
../data/trashnet\glass\glass286.jpg,glass
../data/trashnet\metal\metal162.jpg,metal
