group_id,class,kept_file,removed_file,hash_distance,reason,action
1,BIN_WASHING,BIN WASHING\WhatsApp_Image_2026-07-03_at_5_15_46_AM__jpeg.jpg,BIN WASHING\WhatsApp_Image_2026-07-03_at_5_16_14_AM__jpeg.jpg,0,identical_perceptual_hash,moved_to_quarantine
1,BIN_WASHING,BIN WASHING\WhatsApp_Image_2026-07-03_at_5_15_46_AM__jpeg.jpg,BIN WASHING\WhatsApp_Image_2026-07-03_at_5_17_44_AM__jpeg.jpg,0,identical_perceptual_hash,moved_to_quarantine
2,GATE_MEETING,GATE MEETING\WhatsApp_Image_2026-07-03_at_2_20_18_PM__jpeg.jpg,GATE MEETING\WhatsApp_Image_2026-07-03_at_2_50_58_PM__jpeg.jpg,0,identical_perceptual_hash,moved_to_quarantine
3,GATE_MEETING,GATE MEETING\WhatsApp_Image_2026-07-09_at_11_12_12_PM__jpeg.jpg,GATE MEETING\WhatsApp_Image_2026-07-09_at_11_13_52_PM__jpeg.jpg,0,identical_perceptual_hash,moved_to_quarantine
4,GATE_MEETING,GATE MEETING\WhatsApp_Image_2026-07-02_at_10_26_28_PM__jpeg.jpg,GATE MEETING\WhatsApp_Image_2026-07-02_at_10_41_52_PM__jpeg.jpg,0,identical_perceptual_hash,moved_to_quarantine
5,GATE_MEETING,GATE MEETING\WhatsApp_Image_2026-07-09_at_11_12_11_PM__jpeg.jpg,GATE MEETING\WhatsApp_Image_2026-07-09_at_11_13_51_PM__jpeg.jpg,0,identical_perceptual_hash,moved_to_quarantine
6,GATE_MEETING,GATE MEETING\WhatsApp_Image_2026-07-02_at_7_13_08_AM_1__jpeg.jpg,GATE MEETING\WhatsApp_Image_2026-07-02_at_7_13_08_AM_2__jpeg.jpg,0,identical_perceptual_hash,moved_to_quarantine
7,GATE_MEETING,GATE MEETING\WhatsApp_Image_2026-07-01_at_6_29_26_AM__jpeg.jpg,GATE MEETING\WhatsApp_Image_2026-07-01_at_6_30_49_AM__jpeg.jpg,0,identical_perceptual_hash,moved_to_quarantine
7,GATE_MEETING,GATE MEETING\WhatsApp_Image_2026-07-01_at_6_29_26_AM__jpeg.jpg,GATE MEETING\WhatsApp_Image_2026-07-01_at_7_58_41_AM__jpeg.jpg,0,identical_perceptual_hash,moved_to_quarantine
8,LFC,LFC\image110__jpeg.jpg,LFC\verified_image110__jpeg.jpg,0,identical_perceptual_hash,moved_to_quarantine
9,LFC,LFC\WhatsApp_Image_2026-01-26_at_4_10_01_PM_2__jpeg.jpg,LFC\verified_WhatsApp_Image_2026-01-26_at_4_10_01_PM_2__jpeg.jpg,0,identical_perceptual_hash,moved_to_quarantine
10,LFC,LFC\WhatsApp_Image_2026-04-08_at_9_11_25_PM_1__jpeg.jpg,LFC\verified_WhatsApp_Image_2026-04-08_at_9_11_25_PM_1__jpeg.jpg,0,identical_perceptual_hash,moved_to_quarantine
11,LFC,LFC\WhatsApp_Image_2026-04-04_at_7_06_32_PM__jpeg.jpg,LFC\verified_WhatsApp_Image_2026-04-04_at_7_06_32_PM__jpeg.jpg,0,identical_perceptual_hash,moved_to_quarantine
12,LFC,LFC\WhatsApp_Image_2026-04-22_at_6_50_34_PM__jpeg.jpg,LFC\verified_WhatsApp_Image_2026-04-22_at_6_50_34_PM__jpeg.jpg,0,identical_perceptual_hash,moved_to_quarantine
13,LFC,LFC\WhatsApp_Image_2026-04-17_at_1_36_28_AM__jpeg.jpg,LFC\verified_WhatsApp_Image_2026-04-17_at_1_36_28_AM__jpeg.jpg,0,identical_perceptual_hash,moved_to_quarantine
14,LFC,LFC\WhatsApp_Image_2026-04-14_at_6_48_31_PM_1__jpeg.jpg,LFC\verified_WhatsApp_Image_2026-04-14_at_6_48_31_PM_1__jpeg.jpg,0,identical_perceptual_hash,moved_to_quarantine
15,LFC,LFC\WhatsApp_Image_2026-04-01_at_9_27_46_AM__jpeg.jpg,LFC\verified_WhatsApp_Image_2026-04-01_at_9_27_46_AM__jpeg.jpg,0,identical_perceptual_hash,moved_to_quarantine
16,LFC,LFC\WhatsApp_Image_2026-04-19_at_5_07_59_PM_1__jpeg.jpg,LFC\verified_WhatsApp_Image_2026-04-19_at_5_07_59_PM_1__jpeg.jpg,0,identical_perceptual_hash,moved_to_quarantine
17,LFC,LFC\WhatsApp_Image_2026-04-26_at_7_54_21_PM__jpeg.jpg,LFC\verified_WhatsApp_Image_2026-04-26_at_7_54_21_PM__jpeg.jpg,0,identical_perceptual_hash,moved_to_quarantine
18,LFC,LFC\image103__jpeg.jpg,LFC\verified_image103__jpeg.jpg,0,identical_perceptual_hash,moved_to_quarantine
19,LFC,LFC\WhatsApp_Image_2026-04-20_at_7_24_45_AM__jpeg.jpg,LFC\verified_WhatsApp_Image_2026-04-20_at_7_24_45_AM__jpeg.jpg,0,identical_perceptual_hash,moved_to_quarantine
20,LFC,LFC\WhatsApp_Image_2026-04-29_at_7_41_43_AM__jpeg.jpg,LFC\verified_WhatsApp_Image_2026-04-29_at_7_41_43_AM__jpeg.jpg,0,identical_perceptual_hash,moved_to_quarantine
21,LFC,LFC\WhatsApp_Image_2026-04-27_at_4_49_01_PM__jpeg.jpg,LFC\verified_WhatsApp_Image_2026-04-27_at_4_49_01_PM__jpeg.jpg,0,identical_perceptual_hash,moved_to_quarantine
22,LFC,LFC\WhatsApp_Image_2026-04-14_at_6_48_31_PM_2__jpeg.jpg,LFC\verified_WhatsApp_Image_2026-04-14_at_6_48_31_PM_2__jpeg.jpg,0,identical_perceptual_hash,moved_to_quarantine
23,LFC,LFC\WhatsApp_Image_2026-03-13_at_11_54_54_AM__jpeg.jpg,LFC\verified_WhatsApp_Image_2026-03-13_at_11_54_54_AM__jpeg.jpg,0,identical_perceptual_hash,moved_to_quarantine
24,LFC,LFC\WhatsApp_Image_2026-04-09_at_6_03_22_PM__jpeg.jpg,LFC\verified_WhatsApp_Image_2026-04-09_at_6_03_22_PM__jpeg.jpg,0,identical_perceptual_hash,moved_to_quarantine
25,LFC,LFC\WhatsApp_Image_2026-04-20_at_4_36_21_PM__jpeg.jpg,LFC\verified_WhatsApp_Image_2026-04-20_at_4_36_21_PM__jpeg.jpg,0,identical_perceptual_hash,moved_to_quarantine
26,LFC,LFC\WhatsApp_Image_2026-04-06_at_7_55_58_AM__jpeg.jpg,LFC\verified_WhatsApp_Image_2026-04-06_at_7_55_58_AM__jpeg.jpg,0,identical_perceptual_hash,moved_to_quarantine
27,LFC,LFC\image119__jpeg.jpg,LFC\verified_image119__jpeg.jpg,0,identical_perceptual_hash,moved_to_quarantine
28,LFC,LFC\WhatsApp_Image_2026-04-17_at_6_40_14_PM__jpeg.jpg,LFC\verified_WhatsApp_Image_2026-04-17_at_6_40_14_PM__jpeg.jpg,0,identical_perceptual_hash,moved_to_quarantine
29,LFC,LFC\WhatsApp_Image_2026-04-16_at_6_18_50_PM__jpeg.jpg,LFC\verified_WhatsApp_Image_2026-04-16_at_6_18_50_PM__jpeg.jpg,0,identical_perceptual_hash,moved_to_quarantine
30,LFC,LFC\WhatsApp_Image_2026-04-13_at_1_32_16_PM__jpeg.jpg,LFC\verified_WhatsApp_Image_2026-04-13_at_1_32_16_PM__jpeg.jpg,0,identical_perceptual_hash,moved_to_quarantine
31,LFC,LFC\WhatsApp_Image_2026-04-01_at_9_29_58_AM__jpeg.jpg,LFC\verified_WhatsApp_Image_2026-04-01_at_9_29_58_AM__jpeg.jpg,0,identical_perceptual_hash,moved_to_quarantine
32,LFC,LFC\image106__jpeg.jpg,LFC\verified_image106__jpeg.jpg,0,identical_perceptual_hash,moved_to_quarantine
33,LFC,LFC\WhatsApp_Image_2026-04-21_at_5_45_06_PM__jpeg.jpg,LFC\verified_WhatsApp_Image_2026-04-21_at_5_45_06_PM__jpeg.jpg,0,identical_perceptual_hash,moved_to_quarantine
34,LFC,LFC\image104__jpeg.jpg,LFC\verified_image104__jpeg.jpg,0,identical_perceptual_hash,moved_to_quarantine
35,LFC,LFC\WhatsApp_Image_2026-04-22_at_10_17_04_AM__jpeg.jpg,LFC\verified_WhatsApp_Image_2026-04-22_at_10_17_04_AM__jpeg.jpg,0,identical_perceptual_hash,moved_to_quarantine
36,LFC,LFC\WhatsApp_Image_2026-04-10_at_7_50_16_AM__jpeg.jpg,LFC\verified_WhatsApp_Image_2026-04-10_at_7_50_16_AM__jpeg.jpg,0,identical_perceptual_hash,moved_to_quarantine
37,LFC,LFC\image113__jpeg.jpg,LFC\verified_image113__jpeg.jpg,0,identical_perceptual_hash,moved_to_quarantine
38,LFC,LFC\WhatsApp_Image_2026-04-30_at_8_32_45_AM__jpeg.jpg,LFC\verified_WhatsApp_Image_2026-04-30_at_8_32_45_AM__jpeg.jpg,0,identical_perceptual_hash,moved_to_quarantine
39,LFC,LFC\WhatsApp_Image_2026-04-14_at_6_41_51_AM__jpeg.jpg,LFC\verified_WhatsApp_Image_2026-04-14_at_6_41_51_AM__jpeg.jpg,0,identical_perceptual_hash,moved_to_quarantine
40,LFC,LFC\WhatsApp_Image_2026-04-04_at_7_06_30_PM__jpeg.jpg,LFC\verified_WhatsApp_Image_2026-04-04_at_7_06_30_PM__jpeg.jpg,0,identical_perceptual_hash,moved_to_quarantine
41,LFC,LFC\image122__jpeg.jpg,LFC\verified_image122__jpeg.jpg,0,identical_perceptual_hash,moved_to_quarantine
42,LFC,LFC\WhatsApp_Image_2026-04-14_at_8_10_46_AM__jpeg.jpg,LFC\verified_WhatsApp_Image_2026-04-14_at_8_10_46_AM__jpeg.jpg,0,identical_perceptual_hash,moved_to_quarantine
43,LFC,LFC\WhatsApp_Image_2026-04-20_at_9_00_38_PM__jpeg.jpg,LFC\verified_WhatsApp_Image_2026-04-20_at_9_00_38_PM__jpeg.jpg,0,identical_perceptual_hash,moved_to_quarantine
44,LFC,LFC\WhatsApp_Image_2026-04-19_at_8_24_28_AM__jpeg.jpg,LFC\verified_WhatsApp_Image_2026-04-19_at_8_24_28_AM__jpeg.jpg,0,identical_perceptual_hash,moved_to_quarantine
45,LFC,LFC\WhatsApp_Image_2026-04-27_at_4_49_01_PM_1__jpeg.jpg,LFC\verified_WhatsApp_Image_2026-04-27_at_4_49_01_PM_1__jpeg.jpg,0,identical_perceptual_hash,moved_to_quarantine
46,LFC,LFC\WhatsApp_Image_2026-04-26_at_7_54_20_PM__jpeg.jpg,LFC\verified_WhatsApp_Image_2026-04-26_at_7_54_20_PM__jpeg.jpg,0,identical_perceptual_hash,moved_to_quarantine
47,LFC,LFC\image114__jpeg.jpg,LFC\verified_image114__jpeg.jpg,0,identical_perceptual_hash,moved_to_quarantine
48,LFC,LFC\WhatsApp_Image_2026-04-01_at_9_38_15_PM__jpeg.jpg,LFC\verified_WhatsApp_Image_2026-04-01_at_9_38_15_PM__jpeg.jpg,0,identical_perceptual_hash,moved_to_quarantine
49,LFC,LFC\image112__jpeg.jpg,LFC\verified_image112__jpeg.jpg,0,identical_perceptual_hash,moved_to_quarantine
50,LFC,LFC\WhatsApp_Image_2026-04-24_at_8_05_32_AM__jpeg.jpg,LFC\verified_WhatsApp_Image_2026-04-24_at_8_05_32_AM__jpeg.jpg,0,identical_perceptual_hash,moved_to_quarantine
51,LFC,LFC\image120__jpeg.jpg,LFC\verified_image120__jpeg.jpg,0,identical_perceptual_hash,moved_to_quarantine
52,LFC,LFC\image105__jpeg.jpg,LFC\verified_image105__jpeg.jpg,0,identical_perceptual_hash,moved_to_quarantine
53,LFC,LFC\image115__jpeg.jpg,LFC\verified_image115__jpeg.jpg,0,identical_perceptual_hash,moved_to_quarantine
54,LFC,LFC\image102__jpeg.jpg,LFC\verified_image102__jpeg.jpg,0,identical_perceptual_hash,moved_to_quarantine
55,LFC,LFC\image109__jpeg.jpg,LFC\verified_image109__jpeg.jpg,0,identical_perceptual_hash,moved_to_quarantine
56,LFC,LFC\WhatsApp_Image_2026-04-21_at_5_45_07_PM__jpeg.jpg,LFC\verified_WhatsApp_Image_2026-04-21_at_5_45_07_PM__jpeg.jpg,0,identical_perceptual_hash,moved_to_quarantine
57,LFC,LFC\image121__jpeg.jpg,LFC\verified_image121__jpeg.jpg,0,identical_perceptual_hash,moved_to_quarantine
58,LFC,LFC\WhatsApp_Image_2026-04-02_at_7_04_18_AM__jpeg.jpg,LFC\verified_WhatsApp_Image_2026-04-02_at_7_04_18_AM__jpeg.jpg,0,identical_perceptual_hash,moved_to_quarantine
59,LFC,LFC\WhatsApp_Image_2026-04-08_at_9_03_10_AM__jpeg.jpg,LFC\verified_WhatsApp_Image_2026-04-08_at_9_03_10_AM__jpeg.jpg,0,identical_perceptual_hash,moved_to_quarantine
60,LFC,LFC\WhatsApp_Image_2026-04-21_at_7_50_48_AM__jpeg.jpg,LFC\verified_WhatsApp_Image_2026-04-21_at_7_50_48_AM__jpeg.jpg,0,identical_perceptual_hash,moved_to_quarantine
61,LFC,LFC\WhatsApp_Image_2026-04-28_at_8_13_58_AM__jpeg.jpg,LFC\verified_WhatsApp_Image_2026-04-28_at_8_13_58_AM__jpeg.jpg,0,identical_perceptual_hash,moved_to_quarantine
62,LFC,LFC\WhatsApp_Image_2026-04-03_at_8_47_49_AM__jpeg.jpg,LFC\verified_WhatsApp_Image_2026-04-03_at_8_47_49_AM__jpeg.jpg,0,identical_perceptual_hash,moved_to_quarantine
63,LFC,LFC\WhatsApp_Image_2026-04-23_at_5_06_48_PM__jpeg.jpg,LFC\verified_WhatsApp_Image_2026-04-23_at_5_06_48_PM__jpeg.jpg,0,identical_perceptual_hash,moved_to_quarantine
64,LFC,LFC\WhatsApp_Image_2026-04-27_at_4_49_00_PM__jpeg.jpg,LFC\verified_WhatsApp_Image_2026-04-27_at_4_49_00_PM__jpeg.jpg,0,identical_perceptual_hash,moved_to_quarantine
65,LFC,LFC\image107__jpeg.jpg,LFC\verified_image107__jpeg.jpg,0,identical_perceptual_hash,moved_to_quarantine
66,LFC,LFC\WhatsApp_Image_2026-04-27_at_6_20_36_PM__jpeg.jpg,LFC\verified_WhatsApp_Image_2026-04-27_at_6_20_36_PM__jpeg.jpg,0,identical_perceptual_hash,moved_to_quarantine
67,LFC,LFC\image111__jpeg.jpg,LFC\verified_image111__jpeg.jpg,0,identical_perceptual_hash,moved_to_quarantine
68,LFC,LFC\WhatsApp_Image_2026-04-02_at_4_12_49_PM__jpeg.jpg,LFC\verified_WhatsApp_Image_2026-04-02_at_4_12_49_PM__jpeg.jpg,0,identical_perceptual_hash,moved_to_quarantine
69,LFC,LFC\WhatsApp_Image_2026-04-22_at_6_50_37_PM__jpeg.jpg,LFC\verified_WhatsApp_Image_2026-04-22_at_6_50_37_PM__jpeg.jpg,0,identical_perceptual_hash,moved_to_quarantine
70,LFC,LFC\WhatsApp_Image_2026-04-02_at_5_04_12_PM__jpeg.jpg,LFC\verified_WhatsApp_Image_2026-04-02_at_5_04_12_PM__jpeg.jpg,0,identical_perceptual_hash,moved_to_quarantine
71,LFC,LFC\WhatsApp_Image_2026-04-09_at_6_03_16_PM__jpeg.jpg,LFC\verified_WhatsApp_Image_2026-04-09_at_6_03_16_PM__jpeg.jpg,0,identical_perceptual_hash,moved_to_quarantine
72,LFC,LFC\WhatsApp_Image_2026-04-21_at_5_45_06_PM_1__jpeg.jpg,LFC\verified_WhatsApp_Image_2026-04-21_at_5_45_06_PM_1__jpeg.jpg,0,identical_perceptual_hash,moved_to_quarantine
73,LFC,LFC\image118__jpeg.jpg,LFC\verified_image118__jpeg.jpg,0,identical_perceptual_hash,moved_to_quarantine
74,LFC,LFC\WhatsApp_Image_2026-04-25_at_8_07_49_AM__jpeg.jpg,LFC\verified_WhatsApp_Image_2026-04-25_at_8_07_49_AM__jpeg.jpg,0,identical_perceptual_hash,moved_to_quarantine
75,LFC,LFC\WhatsApp_Image_2026-04-23_at_9_06_20_AM__jpeg.jpg,LFC\verified_WhatsApp_Image_2026-04-23_at_9_06_20_AM__jpeg.jpg,0,identical_perceptual_hash,moved_to_quarantine
76,LFC,LFC\WhatsApp_Image_2026-04-27_at_6_20_37_PM__jpeg.jpg,LFC\verified_WhatsApp_Image_2026-04-27_at_6_20_37_PM__jpeg.jpg,0,identical_perceptual_hash,moved_to_quarantine
77,LFC,LFC\WhatsApp_Image_2026-04-03_at_7_16_23_AM__jpeg.jpg,LFC\verified_WhatsApp_Image_2026-04-03_at_7_16_23_AM__jpeg.jpg,0,identical_perceptual_hash,moved_to_quarantine
78,LFC,LFC\WhatsApp_Image_2026-04-01_at_7_38_04_PM__jpeg.jpg,LFC\verified_WhatsApp_Image_2026-04-01_at_7_38_04_PM__jpeg.jpg,0,identical_perceptual_hash,moved_to_quarantine
79,LFC,LFC\WhatsApp_Image_2026-04-16_at_8_06_27_PM__jpeg.jpg,LFC\verified_WhatsApp_Image_2026-04-16_at_8_06_27_PM__jpeg.jpg,0,identical_perceptual_hash,moved_to_quarantine
80,LFC,LFC\WhatsApp_Image_2026-04-01_at_5_44_05_PM__jpeg.jpg,LFC\verified_WhatsApp_Image_2026-04-01_at_5_44_05_PM__jpeg.jpg,0,identical_perceptual_hash,moved_to_quarantine
81,LFC,LFC\WhatsApp_Image_2026-04-08_at_9_11_27_PM__jpeg.jpg,LFC\verified_WhatsApp_Image_2026-04-08_at_9_11_27_PM__jpeg.jpg,0,identical_perceptual_hash,moved_to_quarantine
82,LFC,LFC\WhatsApp_Image_2026-04-30_at_7_24_45_AM__jpeg.jpg,LFC\verified_WhatsApp_Image_2026-04-30_at_7_24_45_AM__jpeg.jpg,0,identical_perceptual_hash,moved_to_quarantine
83,LFC,LFC\image116__jpeg.jpg,LFC\verified_image116__jpeg.jpg,0,identical_perceptual_hash,moved_to_quarantine
84,LFC,LFC\WhatsApp_Image_2026-04-01_at_7_38_06_PM__jpeg.jpg,LFC\verified_WhatsApp_Image_2026-04-01_at_7_38_06_PM__jpeg.jpg,0,identical_perceptual_hash,moved_to_quarantine
85,LFC,LFC\image108__jpeg.jpg,LFC\verified_image108__jpeg.jpg,0,identical_perceptual_hash,moved_to_quarantine
86,LFC,LFC\WhatsApp_Image_2026-04-06_at_7_55_59_AM__jpeg.jpg,LFC\verified_WhatsApp_Image_2026-04-06_at_7_55_59_AM__jpeg.jpg,0,identical_perceptual_hash,moved_to_quarantine
87,LFC,LFC\image117__jpeg.jpg,LFC\verified_image117__jpeg.jpg,0,identical_perceptual_hash,moved_to_quarantine
88,LFC,LFC\WhatsApp_Image_2026-04-17_at_6_40_13_PM__jpeg.jpg,LFC\verified_WhatsApp_Image_2026-04-17_at_6_40_13_PM__jpeg.jpg,0,identical_perceptual_hash,moved_to_quarantine
89,LFC,LFC\WhatsApp_Image_2026-04-19_at_5_07_59_PM__jpeg.jpg,LFC\verified_WhatsApp_Image_2026-04-19_at_5_07_59_PM__jpeg.jpg,0,identical_perceptual_hash,moved_to_quarantine
90,MANUAL_BEACH_CLEANING,MANUAL BEACH CLEANING\WhatsApp_Image_2026-07-09_at_3_21_33_PM__jpeg.jpg,MANUAL BEACH CLEANING\WhatsApp_Image_2026-07-09_at_3_30_43_PM_1__jpeg.jpg,0,identical_perceptual_hash,moved_to_quarantine
91,MANUAL_BEACH_CLEANING,MANUAL BEACH CLEANING\WhatsApp_Image_2026-07-01_at_10_30_06_AM_1__jpeg.jpg,MANUAL BEACH CLEANING\WhatsApp_Image_2026-07-01_at_10_31_08_AM__jpeg.jpg,0,identical_perceptual_hash,moved_to_quarantine
92,MANUAL_BEACH_CLEANING,MANUAL BEACH CLEANING\WhatsApp_Image_2026-07-09_at_4_10_49_PM_2__jpeg.jpg,MANUAL BEACH CLEANING\WhatsApp_Image_2026-07-09_at_4_13_07_PM__jpeg.jpg,0,identical_perceptual_hash,moved_to_quarantine
93,MANUAL_BEACH_CLEANING,MANUAL BEACH CLEANING\WhatsApp_Image_2026-07-01_at_10_30_36_AM__jpeg.jpg,MANUAL BEACH CLEANING\WhatsApp_Image_2026-07-01_at_10_31_33_AM_1__jpeg.jpg,0,identical_perceptual_hash,moved_to_quarantine
94,MANUAL_BEACH_CLEANING,MANUAL BEACH CLEANING\WhatsApp_Image_2026-07-03_at_10_29_50_PM__jpeg.jpg,MANUAL BEACH CLEANING\WhatsApp_Image_2026-07-03_at_11_05_24_PM_1__jpeg.jpg,0,identical_perceptual_hash,moved_to_quarantine
95,MANUAL_BEACH_CLEANING,MANUAL BEACH CLEANING\WhatsApp_Image_2026-07-09_at_3_21_33_PM_1__jpeg.jpg,MANUAL BEACH CLEANING\WhatsApp_Image_2026-07-09_at_3_30_44_PM__jpeg.jpg,0,identical_perceptual_hash,moved_to_quarantine
96,MANUAL_BEACH_CLEANING,MANUAL BEACH CLEANING\WhatsApp_Image_2026-07-09_at_4_10_49_PM_1__jpeg.jpg,MANUAL BEACH CLEANING\WhatsApp_Image_2026-07-09_at_4_13_08_PM_1__jpeg.jpg,0,identical_perceptual_hash,moved_to_quarantine
97,MANUAL_BEACH_CLEANING,MANUAL BEACH CLEANING\WhatsApp_Image_2026-07-01_at_10_30_35_AM_1__jpeg.jpg,MANUAL BEACH CLEANING\WhatsApp_Image_2026-07-01_at_10_31_33_AM__jpeg.jpg,0,identical_perceptual_hash,moved_to_quarantine
98,MANUAL_BEACH_CLEANING,MANUAL BEACH CLEANING\WhatsApp_Image_2026-07-08_at_6_17_31_AM_1__jpeg.jpg,MANUAL BEACH CLEANING\WhatsApp_Image_2026-07-08_at_7_29_07_AM__jpeg.jpg,0,identical_perceptual_hash,moved_to_quarantine
99,MANUAL_BEACH_CLEANING,MANUAL BEACH CLEANING\WhatsApp_Image_2026-07-01_at_10_30_37_AM__jpeg.jpg,MANUAL BEACH CLEANING\WhatsApp_Image_2026-07-01_at_10_31_34_AM__jpeg.jpg,0,identical_perceptual_hash,moved_to_quarantine
100,MANUAL_BEACH_CLEANING,MANUAL BEACH CLEANING\WhatsApp_Image_2026-07-09_at_4_10_50_PM_1__jpeg.jpg,MANUAL BEACH CLEANING\WhatsApp_Image_2026-07-09_at_4_13_09_PM_1__jpeg.jpg,0,identical_perceptual_hash,moved_to_quarantine
101,MANUAL_BEACH_CLEANING,MANUAL BEACH CLEANING\WhatsApp_Image_2026-07-07_at_7_14_00_PM_1__jpeg.jpg,MANUAL BEACH CLEANING\WhatsApp_Image_2026-07-07_at_7_14_05_PM_1__jpeg.jpg,0,identical_perceptual_hash,moved_to_quarantine
102,MANUAL_BEACH_CLEANING,MANUAL BEACH CLEANING\WhatsApp_Image_2026-07-01_at_10_30_23_AM_1__jpeg.jpg,MANUAL BEACH CLEANING\WhatsApp_Image_2026-07-01_at_10_32_20_AM__jpeg.jpg,0,identical_perceptual_hash,moved_to_quarantine
103,MANUAL_BEACH_CLEANING,MANUAL BEACH CLEANING\WhatsApp_Image_2026-07-01_at_8_19_09_AM_1__jpeg.jpg,MANUAL BEACH CLEANING\WhatsApp_Image_2026-07-01_at_8_43_32_AM__jpeg.jpg,0,identical_perceptual_hash,moved_to_quarantine
104,MANUAL_BEACH_CLEANING,MANUAL BEACH CLEANING\WhatsApp_Image_2026-07-01_at_10_30_23_AM__jpeg.jpg,MANUAL BEACH CLEANING\WhatsApp_Image_2026-07-01_at_10_32_19_AM_1__jpeg.jpg,0,identical_perceptual_hash,moved_to_quarantine
105,MANUAL_BEACH_CLEANING,MANUAL BEACH CLEANING\WhatsApp_Image_2026-07-01_at_10_30_36_AM_1__jpeg.jpg,MANUAL BEACH CLEANING\WhatsApp_Image_2026-07-01_at_10_31_33_AM_2__jpeg.jpg,0,identical_perceptual_hash,moved_to_quarantine
106,MANUAL_BEACH_CLEANING,MANUAL BEACH CLEANING\WhatsApp_Image_2026-07-07_at_7_14_01_PM_1__jpeg.jpg,MANUAL BEACH CLEANING\WhatsApp_Image_2026-07-07_at_7_14_05_PM__jpeg.jpg,0,identical_perceptual_hash,moved_to_quarantine
107,MANUAL_BEACH_CLEANING,MANUAL BEACH CLEANING\WhatsApp_Image_2026-07-08_at_11_29_09_AM__jpeg.jpg,MANUAL BEACH CLEANING\WhatsApp_Image_2026-07-08_at_8_07_56_AM__jpeg.jpg,0,identical_perceptual_hash,moved_to_quarantine
108,MANUAL_BEACH_CLEANING,MANUAL BEACH CLEANING\WhatsApp_Image_2026-07-06_at_6_37_06_AM__jpeg.jpg,MANUAL BEACH CLEANING\WhatsApp_Image_2026-07-06_at_7_04_14_AM__jpeg.jpg,0,identical_perceptual_hash,moved_to_quarantine
109,MANUAL_BEACH_CLEANING,MANUAL BEACH CLEANING\WhatsApp_Image_2026-07-01_at_10_30_22_AM_1__jpeg.jpg,MANUAL BEACH CLEANING\WhatsApp_Image_2026-07-01_at_10_32_19_AM__jpeg.jpg,0,identical_perceptual_hash,moved_to_quarantine
110,MANUAL_BEACH_CLEANING,MANUAL BEACH CLEANING\WhatsApp_Image_2026-07-01_at_10_30_21_AM__jpeg.jpg,MANUAL BEACH CLEANING\WhatsApp_Image_2026-07-01_at_10_32_18_AM__jpeg.jpg,0,identical_perceptual_hash,moved_to_quarantine
111,MANUAL_BEACH_CLEANING,MANUAL BEACH CLEANING\WhatsApp_Image_2026-07-07_at_7_14_04_PM_1__jpeg.jpg,MANUAL BEACH CLEANING\WhatsApp_Image_2026-07-07_at_7_14_04_PM__jpeg.jpg,0,identical_perceptual_hash,moved_to_quarantine
112,MANUAL_BEACH_CLEANING,MANUAL BEACH CLEANING\WhatsApp_Image_2026-07-01_at_11_51_54_AM__jpeg.jpg,MANUAL BEACH CLEANING\WhatsApp_Image_2026-07-01_at_8_43_30_AM__jpeg.jpg,0,identical_perceptual_hash,moved_to_quarantine
113,MANUAL_BEACH_CLEANING,MANUAL BEACH CLEANING\WhatsApp_Image_2026-07-01_at_10_30_06_AM__jpeg.jpg,MANUAL BEACH CLEANING\WhatsApp_Image_2026-07-01_at_10_31_07_AM_2__jpeg.jpg,0,identical_perceptual_hash,moved_to_quarantine
114,MANUAL_BEACH_CLEANING,MANUAL BEACH CLEANING\WhatsApp_Image_2026-07-03_at_2_20_19_PM_1__jpeg.jpg,MANUAL BEACH CLEANING\WhatsApp_Image_2026-07-03_at_2_50_59_PM_1__jpeg.jpg,0,identical_perceptual_hash,moved_to_quarantine
115,MANUAL_BEACH_CLEANING,MANUAL BEACH CLEANING\WhatsApp_Image_2026-07-09_at_3_21_34_PM__jpeg.jpg,MANUAL BEACH CLEANING\WhatsApp_Image_2026-07-09_at_3_30_42_PM__jpeg.jpg,0,identical_perceptual_hash,moved_to_quarantine
116,MANUAL_BEACH_CLEANING,MANUAL BEACH CLEANING\WhatsApp_Image_2026-07-08_at_6_17_31_AM_2__jpeg.jpg,MANUAL BEACH CLEANING\WhatsApp_Image_2026-07-08_at_7_29_08_AM__jpeg.jpg,0,identical_perceptual_hash,moved_to_quarantine
117,MANUAL_BEACH_CLEANING,MANUAL BEACH CLEANING\WhatsApp_Image_2026-07-01_at_11_51_54_AM_1__jpeg.jpg,MANUAL BEACH CLEANING\WhatsApp_Image_2026-07-01_at_8_43_31_AM__jpeg.jpg,0,identical_perceptual_hash,moved_to_quarantine
118,MANUAL_BEACH_CLEANING,MANUAL BEACH CLEANING\WhatsApp_Image_2026-07-01_at_10_30_07_AM_1__jpeg.jpg,MANUAL BEACH CLEANING\WhatsApp_Image_2026-07-01_at_10_31_09_AM_1__jpeg.jpg,0,identical_perceptual_hash,moved_to_quarantine
119,MANUAL_BEACH_CLEANING,MANUAL BEACH CLEANING\WhatsApp_Image_2026-07-03_at_2_20_20_PM_1__jpeg.jpg,MANUAL BEACH CLEANING\WhatsApp_Image_2026-07-03_at_2_51_01_PM__jpeg.jpg,0,identical_perceptual_hash,moved_to_quarantine
120,MANUAL_BEACH_CLEANING,MANUAL BEACH CLEANING\WhatsApp_Image_2026-07-03_at_2_20_19_PM__jpeg.jpg,MANUAL BEACH CLEANING\WhatsApp_Image_2026-07-03_at_2_51_01_PM_1__jpeg.jpg,0,identical_perceptual_hash,moved_to_quarantine
121,MANUAL_BEACH_CLEANING,MANUAL BEACH CLEANING\WhatsApp_Image_2026-07-06_at_9_13_15_AM__jpeg.jpg,MANUAL BEACH CLEANING\WhatsApp_Image_2026-07-06_at_9_13_16_AM__jpeg.jpg,0,identical_perceptual_hash,moved_to_quarantine
122,MANUAL_BEACH_CLEANING,MANUAL BEACH CLEANING\WhatsApp_Image_2026-07-01_at_10_30_04_AM__jpeg.jpg,MANUAL BEACH CLEANING\WhatsApp_Image_2026-07-01_at_10_31_06_AM_2__jpeg.jpg,0,identical_perceptual_hash,moved_to_quarantine
123,MANUAL_BEACH_CLEANING,MANUAL BEACH CLEANING\WhatsApp_Image_2026-07-08_at_6_17_30_AM__jpeg.jpg,MANUAL BEACH CLEANING\WhatsApp_Image_2026-07-08_at_7_29_07_AM_1__jpeg.jpg,0,identical_perceptual_hash,moved_to_quarantine
124,MANUAL_BEACH_CLEANING,MANUAL BEACH CLEANING\WhatsApp_Image_2026-07-01_at_10_30_35_AM__jpeg.jpg,MANUAL BEACH CLEANING\WhatsApp_Image_2026-07-01_at_10_31_32_AM__jpeg.jpg,0,identical_perceptual_hash,moved_to_quarantine
125,MANUAL_BEACH_CLEANING,MANUAL BEACH CLEANING\WhatsApp_Image_2026-07-01_at_10_30_03_AM__jpeg.jpg,MANUAL BEACH CLEANING\WhatsApp_Image_2026-07-01_at_10_31_06_AM_1__jpeg.jpg,0,identical_perceptual_hash,moved_to_quarantine
126,MANUAL_BEACH_CLEANING,MANUAL BEACH CLEANING\WhatsApp_Image_2026-07-08_at_6_17_30_AM_1__jpeg.jpg,MANUAL BEACH CLEANING\WhatsApp_Image_2026-07-08_at_7_29_06_AM__jpeg.jpg,0,identical_perceptual_hash,moved_to_quarantine
127,MANUAL_BEACH_CLEANING,MANUAL BEACH CLEANING\WhatsApp_Image_2026-07-04_at_3_43_00_PM_2__jpeg.jpg,MANUAL BEACH CLEANING\WhatsApp_Image_2026-07-04_at_5_07_53_PM__jpeg.jpg,0,identical_perceptual_hash,moved_to_quarantine
128,MANUAL_BEACH_CLEANING,MANUAL BEACH CLEANING\WhatsApp_Image_2026-07-01_at_10_30_07_AM__jpeg.jpg,MANUAL BEACH CLEANING\WhatsApp_Image_2026-07-01_at_10_31_09_AM__jpeg.jpg,0,identical_perceptual_hash,moved_to_quarantine
129,MANUAL_BEACH_CLEANING,MANUAL BEACH CLEANING\WhatsApp_Image_2026-07-08_at_6_17_31_AM__jpeg.jpg,MANUAL BEACH CLEANING\WhatsApp_Image_2026-07-08_at_7_29_08_AM_1__jpeg.jpg,0,identical_perceptual_hash,moved_to_quarantine
130,MANUAL_BEACH_CLEANING,MANUAL BEACH CLEANING\WhatsApp_Image_2026-07-02_at_7_52_56_AM_1__jpeg.jpg,MANUAL BEACH CLEANING\WhatsApp_Image_2026-07-02_at_8_47_00_AM__jpeg.jpg,0,identical_perceptual_hash,moved_to_quarantine
131,MANUAL_BEACH_CLEANING,MANUAL BEACH CLEANING\WhatsApp_Image_2026-07-01_at_10_30_05_AM__jpeg.jpg,MANUAL BEACH CLEANING\WhatsApp_Image_2026-07-01_at_10_31_07_AM__jpeg.jpg,0,identical_perceptual_hash,moved_to_quarantine
132,MANUAL_BEACH_CLEANING,MANUAL BEACH CLEANING\WhatsApp_Image_2026-07-03_at_2_20_20_PM_2__jpeg.jpg,MANUAL BEACH CLEANING\WhatsApp_Image_2026-07-03_at_2_50_59_PM__jpeg.jpg,0,identical_perceptual_hash,moved_to_quarantine
133,MANUAL_BEACH_CLEANING,MANUAL BEACH CLEANING\WhatsApp_Image_2026-07-06_at_6_37_05_AM_1__jpeg.jpg,MANUAL BEACH CLEANING\WhatsApp_Image_2026-07-06_at_7_04_13_AM__jpeg.jpg,0,identical_perceptual_hash,moved_to_quarantine
134,MANUAL_BEACH_CLEANING,MANUAL BEACH CLEANING\WhatsApp_Image_2026-07-06_at_12_26_11_PM_1__jpeg.jpg,MANUAL BEACH CLEANING\WhatsApp_Image_2026-07-06_at_1_37_08_PM__jpeg.jpg,0,identical_perceptual_hash,moved_to_quarantine
135,MANUAL_BEACH_CLEANING,MANUAL BEACH CLEANING\WhatsApp_Image_2026-07-01_at_10_30_05_AM_1__jpeg.jpg,MANUAL BEACH CLEANING\WhatsApp_Image_2026-07-01_at_10_31_07_AM_1__jpeg.jpg,0,identical_perceptual_hash,moved_to_quarantine
136,MANUAL_BEACH_CLEANING,MANUAL BEACH CLEANING\WhatsApp_Image_2026-07-04_at_3_42_58_PM__jpeg.jpg,MANUAL BEACH CLEANING\WhatsApp_Image_2026-07-04_at_5_07_53_PM_2__jpeg.jpg,0,identical_perceptual_hash,moved_to_quarantine
137,MANUAL_BEACH_CLEANING,MANUAL BEACH CLEANING\WhatsApp_Image_2026-07-06_at_12_26_11_PM__jpeg.jpg,MANUAL BEACH CLEANING\WhatsApp_Image_2026-07-06_at_1_37_07_PM_1__jpeg.jpg,0,identical_perceptual_hash,moved_to_quarantine
138,MANUAL_BEACH_CLEANING,MANUAL BEACH CLEANING\WhatsApp_Image_2026-07-04_at_3_43_00_PM_1__jpeg.jpg,MANUAL BEACH CLEANING\WhatsApp_Image_2026-07-04_at_5_07_54_PM__jpeg.jpg,0,identical_perceptual_hash,moved_to_quarantine
139,MANUAL_BEACH_CLEANING,MANUAL BEACH CLEANING\WhatsApp_Image_2026-07-04_at_3_42_59_PM__jpeg.jpg,MANUAL BEACH CLEANING\WhatsApp_Image_2026-07-04_at_5_07_53_PM_1__jpeg.jpg,0,identical_perceptual_hash,moved_to_quarantine
140,MANUAL_BEACH_CLEANING,MANUAL BEACH CLEANING\WhatsApp_Image_2026-07-05_at_4_07_55_PM__jpeg.jpg,MANUAL BEACH CLEANING\WhatsApp_Image_2026-07-05_at_5_55_08_PM__jpeg.jpg,0,identical_perceptual_hash,moved_to_quarantine
141,MANUAL_BEACH_CLEANING,MANUAL BEACH CLEANING\WhatsApp_Image_2026-07-01_at_10_30_22_AM__jpeg.jpg,MANUAL BEACH CLEANING\WhatsApp_Image_2026-07-01_at_10_32_18_AM_1__jpeg.jpg,0,identical_perceptual_hash,moved_to_quarantine
142,MANUAL_BEACH_CLEANING,MANUAL BEACH CLEANING\WhatsApp_Image_2026-07-03_at_3_17_13_PM__jpeg.jpg,MANUAL BEACH CLEANING\WhatsApp_Image_2026-07-03_at_4_34_35_PM__jpeg.jpg,0,identical_perceptual_hash,moved_to_quarantine
143,MANUAL_BEACH_CLEANING,MANUAL BEACH CLEANING\WhatsApp_Image_2026-07-06_at_12_26_11_PM_2__jpeg.jpg,MANUAL BEACH CLEANING\WhatsApp_Image_2026-07-06_at_1_37_06_PM__jpeg.jpg,0,identical_perceptual_hash,moved_to_quarantine
144,MANUAL_BEACH_CLEANING,MANUAL BEACH CLEANING\WhatsApp_Image_2026-07-02_at_8_11_36_AM__jpeg.jpg,MANUAL BEACH CLEANING\WhatsApp_Image_2026-07-02_at_8_33_10_AM__jpeg.jpg,0,identical_perceptual_hash,moved_to_quarantine
145,MANUAL_BEACH_CLEANING,MANUAL BEACH CLEANING\WhatsApp_Image_2026-07-06_at_12_26_10_PM__jpeg.jpg,MANUAL BEACH CLEANING\WhatsApp_Image_2026-07-06_at_1_37_07_PM__jpeg.jpg,0,identical_perceptual_hash,moved_to_quarantine
146,MECHANICAL_SWEEPING,MECHANICAL SWEEPING\image502__jpeg.jpg,MECHANICAL SWEEPING\verified_image502__jpeg.jpg,0,identical_perceptual_hash,moved_to_quarantine
147,MECHANICAL_SWEEPING,MECHANICAL SWEEPING\image510__jpeg.jpg,MECHANICAL SWEEPING\verified_image510__jpeg.jpg,0,identical_perceptual_hash,moved_to_quarantine
148,MECHANICAL_SWEEPING,MECHANICAL SWEEPING\WhatsApp_Image_2025-12-24_at_2_56_11_PM__jpeg.jpg,MECHANICAL SWEEPING\verified_WhatsApp_Image_2025-12-24_at_2_56_11_PM__jpeg.jpg,0,identical_perceptual_hash,moved_to_quarantine
149,MECHANICAL_SWEEPING,MECHANICAL SWEEPING\WhatsApp_Image_2025-12-20_at_4_43_59_PM_3__jpeg.jpg,MECHANICAL SWEEPING\verified_WhatsApp_Image_2025-12-20_at_4_43_59_PM_3__jpeg.jpg,0,identical_perceptual_hash,moved_to_quarantine
150,MECHANICAL_SWEEPING,MECHANICAL SWEEPING\WhatsApp_Image_2025-12-20_at_5_27_54_PM__jpeg.jpg,MECHANICAL SWEEPING\verified_WhatsApp_Image_2025-12-20_at_5_27_54_PM__jpeg.jpg,0,identical_perceptual_hash,moved_to_quarantine
151,MECHANICAL_SWEEPING,MECHANICAL SWEEPING\WhatsApp_Image_2025-12-06_at_2_16_36_PM__jpeg.jpg,MECHANICAL SWEEPING\verified_WhatsApp_Image_2025-12-06_at_2_16_36_PM__jpeg.jpg,0,identical_perceptual_hash,moved_to_quarantine
152,MECHANICAL_SWEEPING,MECHANICAL SWEEPING\WhatsApp_Image_2025-12-20_at_5_27_53_PM_1__jpeg.jpg,MECHANICAL SWEEPING\verified_WhatsApp_Image_2025-12-20_at_5_27_53_PM_1__jpeg.jpg,0,identical_perceptual_hash,moved_to_quarantine
153,MECHANICAL_SWEEPING,MECHANICAL SWEEPING\image507__jpeg.jpg,MECHANICAL SWEEPING\verified_image507__jpeg.jpg,0,identical_perceptual_hash,moved_to_quarantine
154,MECHANICAL_SWEEPING,MECHANICAL SWEEPING\image521__jpeg.jpg,MECHANICAL SWEEPING\verified_image521__jpeg.jpg,0,identical_perceptual_hash,moved_to_quarantine
155,MECHANICAL_SWEEPING,MECHANICAL SWEEPING\image535__jpeg.jpg,MECHANICAL SWEEPING\verified_image535__jpeg.jpg,0,identical_perceptual_hash,moved_to_quarantine
156,MECHANICAL_SWEEPING,MECHANICAL SWEEPING\image499__jpeg.jpg,MECHANICAL SWEEPING\verified_image499__jpeg.jpg,0,identical_perceptual_hash,moved_to_quarantine
157,MECHANICAL_SWEEPING,MECHANICAL SWEEPING\image530__jpeg.jpg,MECHANICAL SWEEPING\verified_image530__jpeg.jpg,0,identical_perceptual_hash,moved_to_quarantine
158,MECHANICAL_SWEEPING,MECHANICAL SWEEPING\image539__jpeg.jpg,MECHANICAL SWEEPING\verified_image539__jpeg.jpg,0,identical_perceptual_hash,moved_to_quarantine
159,MECHANICAL_SWEEPING,MECHANICAL SWEEPING\image513__jpeg.jpg,MECHANICAL SWEEPING\verified_image513__jpeg.jpg,0,identical_perceptual_hash,moved_to_quarantine
160,MECHANICAL_SWEEPING,MECHANICAL SWEEPING\image489__jpeg.jpg,MECHANICAL SWEEPING\verified_image489__jpeg.jpg,0,identical_perceptual_hash,moved_to_quarantine
161,MECHANICAL_SWEEPING,MECHANICAL SWEEPING\image532__jpeg.jpg,MECHANICAL SWEEPING\verified_image532__jpeg.jpg,0,identical_perceptual_hash,moved_to_quarantine
162,MECHANICAL_SWEEPING,MECHANICAL SWEEPING\image491__jpeg.jpg,MECHANICAL SWEEPING\verified_image491__jpeg.jpg,0,identical_perceptual_hash,moved_to_quarantine
163,MECHANICAL_SWEEPING,MECHANICAL SWEEPING\image488__jpeg.jpg,MECHANICAL SWEEPING\verified_image488__jpeg.jpg,0,identical_perceptual_hash,moved_to_quarantine
164,MECHANICAL_SWEEPING,MECHANICAL SWEEPING\WhatsApp_Image_2025-12-20_at_12_59_29_PM_3__jpeg.jpg,MECHANICAL SWEEPING\verified_WhatsApp_Image_2025-12-20_at_12_59_29_PM_3__jpeg.jpg,0,identical_perceptual_hash,moved_to_quarantine
165,MECHANICAL_SWEEPING,MECHANICAL SWEEPING\WhatsApp_Image_2025-12-20_at_12_59_31_PM_2__jpeg.jpg,MECHANICAL SWEEPING\verified_WhatsApp_Image_2025-12-20_at_12_59_31_PM_2__jpeg.jpg,0,identical_perceptual_hash,moved_to_quarantine
166,MECHANICAL_SWEEPING,MECHANICAL SWEEPING\WhatsApp_Image_2025-12-20_at_12_22_05_PM_1__jpeg.jpg,MECHANICAL SWEEPING\verified_WhatsApp_Image_2025-12-20_at_12_22_05_PM_1__jpeg.jpg,0,identical_perceptual_hash,moved_to_quarantine
167,MECHANICAL_SWEEPING,MECHANICAL SWEEPING\WhatsApp_Image_2025-12-20_at_12_59_31_PM_1__jpeg.jpg,MECHANICAL SWEEPING\verified_WhatsApp_Image_2025-12-20_at_12_59_31_PM_1__jpeg.jpg,0,identical_perceptual_hash,moved_to_quarantine
168,MECHANICAL_SWEEPING,MECHANICAL SWEEPING\image534__jpeg.jpg,MECHANICAL SWEEPING\verified_image534__jpeg.jpg,0,identical_perceptual_hash,moved_to_quarantine
169,MECHANICAL_SWEEPING,MECHANICAL SWEEPING\WhatsApp_Image_2025-12-22_at_10_31_21_AM__jpeg.jpg,MECHANICAL SWEEPING\verified_WhatsApp_Image_2025-12-22_at_10_31_21_AM__jpeg.jpg,0,identical_perceptual_hash,moved_to_quarantine
170,MECHANICAL_SWEEPING,MECHANICAL SWEEPING\WhatsApp_Image_2025-12-22_at_10_31_21_AM_1__jpeg.jpg,MECHANICAL SWEEPING\verified_WhatsApp_Image_2025-12-22_at_10_31_21_AM_1__jpeg.jpg,0,identical_perceptual_hash,moved_to_quarantine
171,MECHANICAL_SWEEPING,MECHANICAL SWEEPING\WhatsApp_Image_2025-12-20_at_12_59_30_PM_2__jpeg.jpg,MECHANICAL SWEEPING\verified_WhatsApp_Image_2025-12-20_at_12_59_30_PM_2__jpeg.jpg,0,identical_perceptual_hash,moved_to_quarantine
172,MECHANICAL_SWEEPING,MECHANICAL SWEEPING\image541__jpeg.jpg,MECHANICAL SWEEPING\verified_image541__jpeg.jpg,0,identical_perceptual_hash,moved_to_quarantine
173,MECHANICAL_SWEEPING,MECHANICAL SWEEPING\WhatsApp_Image_2025-12-24_at_2_56_09_PM__jpeg.jpg,MECHANICAL SWEEPING\verified_WhatsApp_Image_2025-12-24_at_2_56_09_PM__jpeg.jpg,0,identical_perceptual_hash,moved_to_quarantine
174,MECHANICAL_SWEEPING,MECHANICAL SWEEPING\WhatsApp_Image_2025-12-20_at_12_59_30_PM__jpeg.jpg,MECHANICAL SWEEPING\verified_WhatsApp_Image_2025-12-20_at_12_59_30_PM__jpeg.jpg,0,identical_perceptual_hash,moved_to_quarantine
175,MECHANICAL_SWEEPING,MECHANICAL SWEEPING\WhatsApp_Image_2026-07-03_at_11_10_44_PM__jpeg.jpg,MECHANICAL SWEEPING\WhatsApp_Image_2026-07-04_at_12_58_26_AM__jpeg.jpg,0,identical_perceptual_hash,moved_to_quarantine
176,MECHANICAL_SWEEPING,MECHANICAL SWEEPING\image518__jpeg.jpg,MECHANICAL SWEEPING\verified_image518__jpeg.jpg,0,identical_perceptual_hash,moved_to_quarantine
177,MECHANICAL_SWEEPING,MECHANICAL SWEEPING\WhatsApp_Image_2025-12-20_at_4_44_00_PM_2__jpeg.jpg,MECHANICAL SWEEPING\verified_WhatsApp_Image_2025-12-20_at_4_44_00_PM_2__jpeg.jpg,0,identical_perceptual_hash,moved_to_quarantine
178,MECHANICAL_SWEEPING,MECHANICAL SWEEPING\image525__jpeg.jpg,MECHANICAL SWEEPING\verified_image525__jpeg.jpg,0,identical_perceptual_hash,moved_to_quarantine
179,MECHANICAL_SWEEPING,MECHANICAL SWEEPING\image501__jpeg.jpg,MECHANICAL SWEEPING\verified_image501__jpeg.jpg,0,identical_perceptual_hash,moved_to_quarantine
180,MECHANICAL_SWEEPING,MECHANICAL SWEEPING\image536__jpeg.jpg,MECHANICAL SWEEPING\verified_image536__jpeg.jpg,0,identical_perceptual_hash,moved_to_quarantine
181,MECHANICAL_SWEEPING,MECHANICAL SWEEPING\image546__jpeg.jpg,MECHANICAL SWEEPING\verified_image546__jpeg.jpg,0,identical_perceptual_hash,moved_to_quarantine
182,MECHANICAL_SWEEPING,MECHANICAL SWEEPING\WhatsApp_Image_2025-12-24_at_9_56_14_AM_1__jpeg.jpg,MECHANICAL SWEEPING\verified_WhatsApp_Image_2025-12-24_at_9_56_14_AM_1__jpeg.jpg,0,identical_perceptual_hash,moved_to_quarantine
183,MECHANICAL_SWEEPING,MECHANICAL SWEEPING\image504__jpeg.jpg,MECHANICAL SWEEPING\verified_image504__jpeg.jpg,0,identical_perceptual_hash,moved_to_quarantine
184,MECHANICAL_SWEEPING,MECHANICAL SWEEPING\WhatsApp_Image_2025-12-24_at_9_56_14_AM__jpeg.jpg,MECHANICAL SWEEPING\verified_WhatsApp_Image_2025-12-24_at_9_56_14_AM__jpeg.jpg,0,identical_perceptual_hash,moved_to_quarantine
185,MECHANICAL_SWEEPING,MECHANICAL SWEEPING\WhatsApp_Image_2025-12-20_at_12_59_30_PM_3__jpeg.jpg,MECHANICAL SWEEPING\verified_WhatsApp_Image_2025-12-20_at_12_59_30_PM_3__jpeg.jpg,0,identical_perceptual_hash,moved_to_quarantine
186,MECHANICAL_SWEEPING,MECHANICAL SWEEPING\image506__jpeg.jpg,MECHANICAL SWEEPING\verified_image506__jpeg.jpg,0,identical_perceptual_hash,moved_to_quarantine
187,MECHANICAL_SWEEPING,MECHANICAL SWEEPING\WhatsApp_Image_2025-12-21_at_4_27_30_PM__jpeg.jpg,MECHANICAL SWEEPING\verified_WhatsApp_Image_2025-12-21_at_4_27_30_PM__jpeg.jpg,0,identical_perceptual_hash,moved_to_quarantine
188,MECHANICAL_SWEEPING,MECHANICAL SWEEPING\WhatsApp_Image_2025-12-20_at_5_27_52_PM__jpeg.jpg,MECHANICAL SWEEPING\verified_WhatsApp_Image_2025-12-20_at_5_27_52_PM__jpeg.jpg,0,identical_perceptual_hash,moved_to_quarantine
189,MECHANICAL_SWEEPING,MECHANICAL SWEEPING\image538__jpeg.jpg,MECHANICAL SWEEPING\verified_image538__jpeg.jpg,0,identical_perceptual_hash,moved_to_quarantine
190,MECHANICAL_SWEEPING,MECHANICAL SWEEPING\image503__jpeg.jpg,MECHANICAL SWEEPING\verified_image503__jpeg.jpg,0,identical_perceptual_hash,moved_to_quarantine
191,MECHANICAL_SWEEPING,MECHANICAL SWEEPING\image524__jpeg.jpg,MECHANICAL SWEEPING\verified_image524__jpeg.jpg,0,identical_perceptual_hash,moved_to_quarantine
192,MECHANICAL_SWEEPING,MECHANICAL SWEEPING\image526__jpeg.jpg,MECHANICAL SWEEPING\verified_image526__jpeg.jpg,0,identical_perceptual_hash,moved_to_quarantine
193,MECHANICAL_SWEEPING,MECHANICAL SWEEPING\image511__jpeg.jpg,MECHANICAL SWEEPING\verified_image511__jpeg.jpg,0,identical_perceptual_hash,moved_to_quarantine
194,MECHANICAL_SWEEPING,MECHANICAL SWEEPING\WhatsApp_Image_2025-12-20_at_12_59_51_PM__jpeg.jpg,MECHANICAL SWEEPING\verified_WhatsApp_Image_2025-12-20_at_12_59_51_PM__jpeg.jpg,0,identical_perceptual_hash,moved_to_quarantine
195,MECHANICAL_SWEEPING,MECHANICAL SWEEPING\WhatsApp_Image_2025-12-20_at_4_44_01_PM_3__jpeg.jpg,MECHANICAL SWEEPING\verified_WhatsApp_Image_2025-12-20_at_4_44_01_PM_3__jpeg.jpg,0,identical_perceptual_hash,moved_to_quarantine
196,MECHANICAL_SWEEPING,MECHANICAL SWEEPING\WhatsApp_Image_2025-12-20_at_4_43_59_PM__jpeg.jpg,MECHANICAL SWEEPING\verified_WhatsApp_Image_2025-12-20_at_4_43_59_PM__jpeg.jpg,0,identical_perceptual_hash,moved_to_quarantine
197,MECHANICAL_SWEEPING,MECHANICAL SWEEPING\WhatsApp_Image_2025-12-20_at_12_22_21_PM_2__jpeg.jpg,MECHANICAL SWEEPING\verified_WhatsApp_Image_2025-12-20_at_12_22_21_PM_2__jpeg.jpg,0,identical_perceptual_hash,moved_to_quarantine
198,MECHANICAL_SWEEPING,MECHANICAL SWEEPING\WhatsApp_Image_2025-12-24_at_9_56_15_AM_1__jpeg.jpg,MECHANICAL SWEEPING\verified_WhatsApp_Image_2025-12-24_at_9_56_15_AM_1__jpeg.jpg,0,identical_perceptual_hash,moved_to_quarantine
199,MECHANICAL_SWEEPING,MECHANICAL SWEEPING\WhatsApp_Image_2025-12-20_at_4_44_00_PM_1__jpeg.jpg,MECHANICAL SWEEPING\verified_WhatsApp_Image_2025-12-20_at_4_44_00_PM_1__jpeg.jpg,0,identical_perceptual_hash,moved_to_quarantine
200,MECHANICAL_SWEEPING,MECHANICAL SWEEPING\WhatsApp_Image_2025-12-20_at_4_44_05_PM_2__jpeg.jpg,MECHANICAL SWEEPING\verified_WhatsApp_Image_2025-12-20_at_4_44_05_PM_2__jpeg.jpg,0,identical_perceptual_hash,moved_to_quarantine
201,MECHANICAL_SWEEPING,MECHANICAL SWEEPING\image519__jpeg.jpg,MECHANICAL SWEEPING\verified_image519__jpeg.jpg,0,identical_perceptual_hash,moved_to_quarantine
202,MECHANICAL_SWEEPING,MECHANICAL SWEEPING\image515__jpeg.jpg,MECHANICAL SWEEPING\verified_image515__jpeg.jpg,0,identical_perceptual_hash,moved_to_quarantine
203,MECHANICAL_SWEEPING,MECHANICAL SWEEPING\image545__jpeg.jpg,MECHANICAL SWEEPING\verified_image545__jpeg.jpg,0,identical_perceptual_hash,moved_to_quarantine
204,MECHANICAL_SWEEPING,MECHANICAL SWEEPING\image527__jpeg.jpg,MECHANICAL SWEEPING\verified_image527__jpeg.jpg,0,identical_perceptual_hash,moved_to_quarantine
205,MECHANICAL_SWEEPING,MECHANICAL SWEEPING\image537__jpeg.jpg,MECHANICAL SWEEPING\verified_image537__jpeg.jpg,0,identical_perceptual_hash,moved_to_quarantine
206,MECHANICAL_SWEEPING,MECHANICAL SWEEPING\image514__jpeg.jpg,MECHANICAL SWEEPING\verified_image514__jpeg.jpg,0,identical_perceptual_hash,moved_to_quarantine
207,MECHANICAL_SWEEPING,MECHANICAL SWEEPING\image497__jpeg.jpg,MECHANICAL SWEEPING\verified_image497__jpeg.jpg,0,identical_perceptual_hash,moved_to_quarantine
208,MECHANICAL_SWEEPING,MECHANICAL SWEEPING\image523__jpeg.jpg,MECHANICAL SWEEPING\verified_image523__jpeg.jpg,0,identical_perceptual_hash,moved_to_quarantine
209,MECHANICAL_SWEEPING,MECHANICAL SWEEPING\WhatsApp_Image_2025-12-20_at_4_43_58_PM_3__jpeg.jpg,MECHANICAL SWEEPING\verified_WhatsApp_Image_2025-12-20_at_4_43_58_PM_3__jpeg.jpg,0,identical_perceptual_hash,moved_to_quarantine
210,MECHANICAL_SWEEPING,MECHANICAL SWEEPING\image522__jpeg.jpg,MECHANICAL SWEEPING\verified_image522__jpeg.jpg,0,identical_perceptual_hash,moved_to_quarantine
211,MECHANICAL_SWEEPING,MECHANICAL SWEEPING\image543__jpeg.jpg,MECHANICAL SWEEPING\verified_image543__jpeg.jpg,0,identical_perceptual_hash,moved_to_quarantine
212,MECHANICAL_SWEEPING,MECHANICAL SWEEPING\WhatsApp_Image_2025-12-24_at_9_56_15_AM_4__jpeg.jpg,MECHANICAL SWEEPING\verified_WhatsApp_Image_2025-12-24_at_9_56_15_AM_4__jpeg.jpg,0,identical_perceptual_hash,moved_to_quarantine
213,MECHANICAL_SWEEPING,MECHANICAL SWEEPING\image509__jpeg.jpg,MECHANICAL SWEEPING\verified_image509__jpeg.jpg,0,identical_perceptual_hash,moved_to_quarantine
214,MECHANICAL_SWEEPING,MECHANICAL SWEEPING\image498__jpeg.jpg,MECHANICAL SWEEPING\verified_image498__jpeg.jpg,0,identical_perceptual_hash,moved_to_quarantine
215,MECHANICAL_SWEEPING,MECHANICAL SWEEPING\image496__jpeg.jpg,MECHANICAL SWEEPING\verified_image496__jpeg.jpg,0,identical_perceptual_hash,moved_to_quarantine
216,MECHANICAL_SWEEPING,MECHANICAL SWEEPING\image487__jpeg.jpg,MECHANICAL SWEEPING\verified_image487__jpeg.jpg,0,identical_perceptual_hash,moved_to_quarantine
217,MECHANICAL_SWEEPING,MECHANICAL SWEEPING\WhatsApp_Image_2025-12-24_at_12_56_33_PM_1__jpeg.jpg,MECHANICAL SWEEPING\verified_WhatsApp_Image_2025-12-24_at_12_56_33_PM_1__jpeg.jpg,0,identical_perceptual_hash,moved_to_quarantine
218,MECHANICAL_SWEEPING,MECHANICAL SWEEPING\image529__jpeg.jpg,MECHANICAL SWEEPING\verified_image529__jpeg.jpg,0,identical_perceptual_hash,moved_to_quarantine
219,MECHANICAL_SWEEPING,MECHANICAL SWEEPING\image495__jpeg.jpg,MECHANICAL SWEEPING\verified_image495__jpeg.jpg,0,identical_perceptual_hash,moved_to_quarantine
220,MECHANICAL_SWEEPING,MECHANICAL SWEEPING\WhatsApp_Image_2025-12-20_at_4_44_22_PM_4__jpeg.jpg,MECHANICAL SWEEPING\verified_WhatsApp_Image_2025-12-20_at_4_44_22_PM_4__jpeg.jpg,0,identical_perceptual_hash,moved_to_quarantine
221,MECHANICAL_SWEEPING,MECHANICAL SWEEPING\WhatsApp_Image_2025-12-20_at_12_59_30_PM_1__jpeg.jpg,MECHANICAL SWEEPING\verified_WhatsApp_Image_2025-12-20_at_12_59_30_PM_1__jpeg.jpg,0,identical_perceptual_hash,moved_to_quarantine
222,MECHANICAL_SWEEPING,MECHANICAL SWEEPING\WhatsApp_Image_2025-12-24_at_9_56_13_AM_4__jpeg.jpg,MECHANICAL SWEEPING\verified_WhatsApp_Image_2025-12-24_at_9_56_13_AM_4__jpeg.jpg,0,identical_perceptual_hash,moved_to_quarantine
223,MECHANICAL_SWEEPING,MECHANICAL SWEEPING\image490__jpeg.jpg,MECHANICAL SWEEPING\verified_image490__jpeg.jpg,0,identical_perceptual_hash,moved_to_quarantine
224,MECHANICAL_SWEEPING,MECHANICAL SWEEPING\image544__jpeg.jpg,MECHANICAL SWEEPING\verified_image544__jpeg.jpg,0,identical_perceptual_hash,moved_to_quarantine
225,MECHANICAL_SWEEPING,MECHANICAL SWEEPING\WhatsApp_Image_2025-12-20_at_5_28_13_PM__jpeg.jpg,MECHANICAL SWEEPING\verified_WhatsApp_Image_2025-12-20_at_5_28_13_PM__jpeg.jpg,0,identical_perceptual_hash,moved_to_quarantine
226,MECHANICAL_SWEEPING,MECHANICAL SWEEPING\image531__jpeg.jpg,MECHANICAL SWEEPING\verified_image531__jpeg.jpg,0,identical_perceptual_hash,moved_to_quarantine
227,MECHANICAL_SWEEPING,MECHANICAL SWEEPING\WhatsApp_Image_2025-12-20_at_4_43_58_PM_1__jpeg.jpg,MECHANICAL SWEEPING\verified_WhatsApp_Image_2025-12-20_at_4_43_58_PM_1__jpeg.jpg,0,identical_perceptual_hash,moved_to_quarantine
228,MECHANICAL_SWEEPING,MECHANICAL SWEEPING\image520__jpeg.jpg,MECHANICAL SWEEPING\verified_image520__jpeg.jpg,0,identical_perceptual_hash,moved_to_quarantine
229,MECHANICAL_SWEEPING,MECHANICAL SWEEPING\image516__jpeg.jpg,MECHANICAL SWEEPING\verified_image516__jpeg.jpg,0,identical_perceptual_hash,moved_to_quarantine
230,MECHANICAL_SWEEPING,MECHANICAL SWEEPING\WhatsApp_Image_2025-12-24_at_11_29_29_AM__jpeg.jpg,MECHANICAL SWEEPING\verified_WhatsApp_Image_2025-12-24_at_11_29_29_AM__jpeg.jpg,0,identical_perceptual_hash,moved_to_quarantine
231,MECHANICAL_SWEEPING,MECHANICAL SWEEPING\image500__jpeg.jpg,MECHANICAL SWEEPING\verified_image500__jpeg.jpg,0,identical_perceptual_hash,moved_to_quarantine
232,MECHANICAL_SWEEPING,MECHANICAL SWEEPING\image493__jpeg.jpg,MECHANICAL SWEEPING\verified_image493__jpeg.jpg,0,identical_perceptual_hash,moved_to_quarantine
233,MECHANICAL_SWEEPING,MECHANICAL SWEEPING\WhatsApp_Image_2025-12-24_at_2_56_10_PM_3__jpeg.jpg,MECHANICAL SWEEPING\verified_WhatsApp_Image_2025-12-24_at_2_56_10_PM_3__jpeg.jpg,0,identical_perceptual_hash,moved_to_quarantine
234,MECHANICAL_SWEEPING,MECHANICAL SWEEPING\image494__jpeg.jpg,MECHANICAL SWEEPING\verified_image494__jpeg.jpg,0,identical_perceptual_hash,moved_to_quarantine
235,MECHANICAL_SWEEPING,MECHANICAL SWEEPING\image533__jpeg.jpg,MECHANICAL SWEEPING\verified_image533__jpeg.jpg,0,identical_perceptual_hash,moved_to_quarantine
236,MECHANICAL_SWEEPING,MECHANICAL SWEEPING\image508__jpeg.jpg,MECHANICAL SWEEPING\verified_image508__jpeg.jpg,0,identical_perceptual_hash,moved_to_quarantine
237,MECHANICAL_SWEEPING,MECHANICAL SWEEPING\WhatsApp_Image_2025-12-24_at_9_56_16_AM_7__jpeg.jpg,MECHANICAL SWEEPING\verified_WhatsApp_Image_2025-12-24_at_9_56_16_AM_7__jpeg.jpg,0,identical_perceptual_hash,moved_to_quarantine
238,MECHANICAL_SWEEPING,MECHANICAL SWEEPING\image540__jpeg.jpg,MECHANICAL SWEEPING\verified_image540__jpeg.jpg,0,identical_perceptual_hash,moved_to_quarantine
239,MECHANICAL_SWEEPING,MECHANICAL SWEEPING\WhatsApp_Image_2025-12-20_at_4_44_22_PM__jpeg.jpg,MECHANICAL SWEEPING\verified_WhatsApp_Image_2025-12-20_at_4_44_22_PM__jpeg.jpg,0,identical_perceptual_hash,moved_to_quarantine
240,MECHANICAL_SWEEPING,MECHANICAL SWEEPING\WhatsApp_Image_2025-12-20_at_5_27_52_PM_1__jpeg.jpg,MECHANICAL SWEEPING\verified_WhatsApp_Image_2025-12-20_at_5_27_52_PM_1__jpeg.jpg,0,identical_perceptual_hash,moved_to_quarantine
241,MECHANICAL_SWEEPING,MECHANICAL SWEEPING\image528__jpeg.jpg,MECHANICAL SWEEPING\verified_image528__jpeg.jpg,0,identical_perceptual_hash,moved_to_quarantine
242,MECHANICAL_SWEEPING,MECHANICAL SWEEPING\image542__jpeg.jpg,MECHANICAL SWEEPING\verified_image542__jpeg.jpg,0,identical_perceptual_hash,moved_to_quarantine
243,MECHANICAL_SWEEPING,MECHANICAL SWEEPING\image512__jpeg.jpg,MECHANICAL SWEEPING\verified_image512__jpeg.jpg,0,identical_perceptual_hash,moved_to_quarantine
244,MECHANICAL_SWEEPING,MECHANICAL SWEEPING\image505__jpeg.jpg,MECHANICAL SWEEPING\verified_image505__jpeg.jpg,0,identical_perceptual_hash,moved_to_quarantine
245,MECHANICAL_SWEEPING,MECHANICAL SWEEPING\WhatsApp_Image_2025-12-20_at_5_27_53_PM_3__jpeg.jpg,MECHANICAL SWEEPING\verified_WhatsApp_Image_2025-12-20_at_5_27_53_PM_3__jpeg.jpg,0,identical_perceptual_hash,moved_to_quarantine
246,MECHANICAL_SWEEPING,MECHANICAL SWEEPING\image492__jpeg.jpg,MECHANICAL SWEEPING\verified_image492__jpeg.jpg,0,identical_perceptual_hash,moved_to_quarantine
247,MECHANICAL_SWEEPING,MECHANICAL SWEEPING\WhatsApp_Image_2025-12-24_at_2_56_10_PM_4__jpeg.jpg,MECHANICAL SWEEPING\verified_WhatsApp_Image_2025-12-24_at_2_56_10_PM_4__jpeg.jpg,0,identical_perceptual_hash,moved_to_quarantine
248,MECHANICAL_SWEEPING,MECHANICAL SWEEPING\WhatsApp_Image_2026-07-03_at_11_10_44_PM_1__jpeg.jpg,MECHANICAL SWEEPING\WhatsApp_Image_2026-07-04_at_12_58_27_AM__jpeg.jpg,0,identical_perceptual_hash,moved_to_quarantine
249,MECHANICAL_SWEEPING,MECHANICAL SWEEPING\image517__jpeg.jpg,MECHANICAL SWEEPING\verified_image517__jpeg.jpg,0,identical_perceptual_hash,moved_to_quarantine
250,MECHANICAL_SWEEPING,MECHANICAL SWEEPING\WhatsApp_Image_2025-12-20_at_5_27_53_PM__jpeg.jpg,MECHANICAL SWEEPING\verified_WhatsApp_Image_2025-12-20_at_5_27_53_PM__jpeg.jpg,0,identical_perceptual_hash,moved_to_quarantine
251,MECHANIZED_BEACH_CLEANING,MECHANIZED BEACH CLEANING\image632__jpeg.jpg,MECHANIZED BEACH CLEANING\verified_image632__jpeg.jpg,0,identical_perceptual_hash,moved_to_quarantine
252,MECHANIZED_BEACH_CLEANING,MECHANIZED BEACH CLEANING\image599__jpeg.jpg,MECHANIZED BEACH CLEANING\verified_image599__jpeg.jpg,0,identical_perceptual_hash,moved_to_quarantine
253,MECHANIZED_BEACH_CLEANING,MECHANIZED BEACH CLEANING\image639__jpeg.jpg,MECHANIZED BEACH CLEANING\verified_image639__jpeg.jpg,0,identical_perceptual_hash,moved_to_quarantine
254,MECHANIZED_BEACH_CLEANING,MECHANIZED BEACH CLEANING\image594__jpeg.jpg,MECHANIZED BEACH CLEANING\verified_image594__jpeg.jpg,0,identical_perceptual_hash,moved_to_quarantine
255,MECHANIZED_BEACH_CLEANING,MECHANIZED BEACH CLEANING\image609__jpeg.jpg,MECHANIZED BEACH CLEANING\verified_image609__jpeg.jpg,0,identical_perceptual_hash,moved_to_quarantine
256,MECHANIZED_BEACH_CLEANING,MECHANIZED BEACH CLEANING\image630__jpeg.jpg,MECHANIZED BEACH CLEANING\verified_image630__jpeg.jpg,0,identical_perceptual_hash,moved_to_quarantine
257,MECHANIZED_BEACH_CLEANING,MECHANIZED BEACH CLEANING\image581__jpeg.jpg,MECHANIZED BEACH CLEANING\verified_image581__jpeg.jpg,0,identical_perceptual_hash,moved_to_quarantine
258,MECHANIZED_BEACH_CLEANING,MECHANIZED BEACH CLEANING\image596__jpeg.jpg,MECHANIZED BEACH CLEANING\verified_image596__jpeg.jpg,0,identical_perceptual_hash,moved_to_quarantine
259,MECHANIZED_BEACH_CLEANING,MECHANIZED BEACH CLEANING\image623__jpeg.jpg,MECHANIZED BEACH CLEANING\verified_image623__jpeg.jpg,0,identical_perceptual_hash,moved_to_quarantine
260,MECHANIZED_BEACH_CLEANING,MECHANIZED BEACH CLEANING\image620__jpeg.jpg,MECHANIZED BEACH CLEANING\verified_image620__jpeg.jpg,0,identical_perceptual_hash,moved_to_quarantine
261,MECHANIZED_BEACH_CLEANING,MECHANIZED BEACH CLEANING\image608__jpeg.jpg,MECHANIZED BEACH CLEANING\verified_image608__jpeg.jpg,0,identical_perceptual_hash,moved_to_quarantine
262,MECHANIZED_BEACH_CLEANING,MECHANIZED BEACH CLEANING\image627__jpeg.jpg,MECHANIZED BEACH CLEANING\verified_image627__jpeg.jpg,0,identical_perceptual_hash,moved_to_quarantine
263,MECHANIZED_BEACH_CLEANING,MECHANIZED BEACH CLEANING\image644__jpeg.jpg,MECHANIZED BEACH CLEANING\verified_image644__jpeg.jpg,0,identical_perceptual_hash,moved_to_quarantine
264,MECHANIZED_BEACH_CLEANING,MECHANIZED BEACH CLEANING\image565__jpeg.jpg,MECHANIZED BEACH CLEANING\verified_image565__jpeg.jpg,0,identical_perceptual_hash,moved_to_quarantine
265,MECHANIZED_BEACH_CLEANING,MECHANIZED BEACH CLEANING\image613__jpeg.jpg,MECHANIZED BEACH CLEANING\verified_image613__jpeg.jpg,0,identical_perceptual_hash,moved_to_quarantine
266,MECHANIZED_BEACH_CLEANING,MECHANIZED BEACH CLEANING\image563__jpeg.jpg,MECHANIZED BEACH CLEANING\verified_image563__jpeg.jpg,0,identical_perceptual_hash,moved_to_quarantine
267,MECHANIZED_BEACH_CLEANING,MECHANIZED BEACH CLEANING\image577__jpeg.jpg,MECHANIZED BEACH CLEANING\verified_image577__jpeg.jpg,0,identical_perceptual_hash,moved_to_quarantine
268,MECHANIZED_BEACH_CLEANING,MECHANIZED BEACH CLEANING\image575__jpeg.jpg,MECHANIZED BEACH CLEANING\verified_image575__jpeg.jpg,0,identical_perceptual_hash,moved_to_quarantine
269,MECHANIZED_BEACH_CLEANING,MECHANIZED BEACH CLEANING\image554__jpeg.jpg,MECHANIZED BEACH CLEANING\verified_image554__jpeg.jpg,0,identical_perceptual_hash,moved_to_quarantine
270,MECHANIZED_BEACH_CLEANING,MECHANIZED BEACH CLEANING\image564__jpeg.jpg,MECHANIZED BEACH CLEANING\verified_image564__jpeg.jpg,0,identical_perceptual_hash,moved_to_quarantine
271,MECHANIZED_BEACH_CLEANING,MECHANIZED BEACH CLEANING\image556__jpeg.jpg,MECHANIZED BEACH CLEANING\verified_image556__jpeg.jpg,0,identical_perceptual_hash,moved_to_quarantine
272,MECHANIZED_BEACH_CLEANING,MECHANIZED BEACH CLEANING\image590__jpeg.jpg,MECHANIZED BEACH CLEANING\verified_image590__jpeg.jpg,0,identical_perceptual_hash,moved_to_quarantine
273,MECHANIZED_BEACH_CLEANING,MECHANIZED BEACH CLEANING\image626__jpeg.jpg,MECHANIZED BEACH CLEANING\verified_image626__jpeg.jpg,0,identical_perceptual_hash,moved_to_quarantine
274,MECHANIZED_BEACH_CLEANING,MECHANIZED BEACH CLEANING\image568__jpeg.jpg,MECHANIZED BEACH CLEANING\verified_image568__jpeg.jpg,0,identical_perceptual_hash,moved_to_quarantine
275,MECHANIZED_BEACH_CLEANING,MECHANIZED BEACH CLEANING\image602__jpeg.jpg,MECHANIZED BEACH CLEANING\verified_image602__jpeg.jpg,0,identical_perceptual_hash,moved_to_quarantine
276,MECHANIZED_BEACH_CLEANING,MECHANIZED BEACH CLEANING\image591__jpeg.jpg,MECHANIZED BEACH CLEANING\verified_image591__jpeg.jpg,0,identical_perceptual_hash,moved_to_quarantine
277,MECHANIZED_BEACH_CLEANING,MECHANIZED BEACH CLEANING\image617__jpeg.jpg,MECHANIZED BEACH CLEANING\verified_image617__jpeg.jpg,0,identical_perceptual_hash,moved_to_quarantine
278,MECHANIZED_BEACH_CLEANING,MECHANIZED BEACH CLEANING\image597__jpeg.jpg,MECHANIZED BEACH CLEANING\verified_image597__jpeg.jpg,0,identical_perceptual_hash,moved_to_quarantine
279,MECHANIZED_BEACH_CLEANING,MECHANIZED BEACH CLEANING\image579__jpeg.jpg,MECHANIZED BEACH CLEANING\verified_image579__jpeg.jpg,0,identical_perceptual_hash,moved_to_quarantine
280,MECHANIZED_BEACH_CLEANING,MECHANIZED BEACH CLEANING\image574__jpeg.jpg,MECHANIZED BEACH CLEANING\verified_image574__jpeg.jpg,0,identical_perceptual_hash,moved_to_quarantine
281,MECHANIZED_BEACH_CLEANING,MECHANIZED BEACH CLEANING\image637__jpeg.jpg,MECHANIZED BEACH CLEANING\verified_image637__jpeg.jpg,0,identical_perceptual_hash,moved_to_quarantine
282,MECHANIZED_BEACH_CLEANING,MECHANIZED BEACH CLEANING\image618__jpeg.jpg,MECHANIZED BEACH CLEANING\verified_image618__jpeg.jpg,0,identical_perceptual_hash,moved_to_quarantine
283,MECHANIZED_BEACH_CLEANING,MECHANIZED BEACH CLEANING\image643__jpeg.jpg,MECHANIZED BEACH CLEANING\verified_image643__jpeg.jpg,0,identical_perceptual_hash,moved_to_quarantine
284,MECHANIZED_BEACH_CLEANING,MECHANIZED BEACH CLEANING\image548__jpeg.jpg,MECHANIZED BEACH CLEANING\verified_image548__jpeg.jpg,0,identical_perceptual_hash,moved_to_quarantine
285,MECHANIZED_BEACH_CLEANING,MECHANIZED BEACH CLEANING\image572__jpeg.jpg,MECHANIZED BEACH CLEANING\verified_image572__jpeg.jpg,0,identical_perceptual_hash,moved_to_quarantine
286,MECHANIZED_BEACH_CLEANING,MECHANIZED BEACH CLEANING\image562__jpeg.jpg,MECHANIZED BEACH CLEANING\verified_image562__jpeg.jpg,0,identical_perceptual_hash,moved_to_quarantine
287,MECHANIZED_BEACH_CLEANING,MECHANIZED BEACH CLEANING\image552__jpeg.jpg,MECHANIZED BEACH CLEANING\verified_image552__jpeg.jpg,0,identical_perceptual_hash,moved_to_quarantine
288,MECHANIZED_BEACH_CLEANING,MECHANIZED BEACH CLEANING\image555__jpeg.jpg,MECHANIZED BEACH CLEANING\verified_image555__jpeg.jpg,0,identical_perceptual_hash,moved_to_quarantine
289,MECHANIZED_BEACH_CLEANING,MECHANIZED BEACH CLEANING\image580__jpeg.jpg,MECHANIZED BEACH CLEANING\verified_image580__jpeg.jpg,0,identical_perceptual_hash,moved_to_quarantine
290,MECHANIZED_BEACH_CLEANING,MECHANIZED BEACH CLEANING\image640__jpeg.jpg,MECHANIZED BEACH CLEANING\verified_image640__jpeg.jpg,0,identical_perceptual_hash,moved_to_quarantine
291,MECHANIZED_BEACH_CLEANING,MECHANIZED BEACH CLEANING\image628__jpeg.jpg,MECHANIZED BEACH CLEANING\verified_image628__jpeg.jpg,0,identical_perceptual_hash,moved_to_quarantine
292,MECHANIZED_BEACH_CLEANING,MECHANIZED BEACH CLEANING\image569__jpeg.jpg,MECHANIZED BEACH CLEANING\verified_image569__jpeg.jpg,0,identical_perceptual_hash,moved_to_quarantine
293,MECHANIZED_BEACH_CLEANING,MECHANIZED BEACH CLEANING\image610__jpeg.jpg,MECHANIZED BEACH CLEANING\verified_image610__jpeg.jpg,0,identical_perceptual_hash,moved_to_quarantine
294,MECHANIZED_BEACH_CLEANING,MECHANIZED BEACH CLEANING\image589__jpeg.jpg,MECHANIZED BEACH CLEANING\verified_image589__jpeg.jpg,0,identical_perceptual_hash,moved_to_quarantine
295,MECHANIZED_BEACH_CLEANING,MECHANIZED BEACH CLEANING\image631__jpeg.jpg,MECHANIZED BEACH CLEANING\verified_image631__jpeg.jpg,0,identical_perceptual_hash,moved_to_quarantine
296,MECHANIZED_BEACH_CLEANING,MECHANIZED BEACH CLEANING\image561__jpeg.jpg,MECHANIZED BEACH CLEANING\verified_image561__jpeg.jpg,0,identical_perceptual_hash,moved_to_quarantine
297,MECHANIZED_BEACH_CLEANING,MECHANIZED BEACH CLEANING\image642__jpeg.jpg,MECHANIZED BEACH CLEANING\verified_image642__jpeg.jpg,0,identical_perceptual_hash,moved_to_quarantine
298,MECHANIZED_BEACH_CLEANING,MECHANIZED BEACH CLEANING\image585__jpeg.jpg,MECHANIZED BEACH CLEANING\verified_image585__jpeg.jpg,0,identical_perceptual_hash,moved_to_quarantine
299,MECHANIZED_BEACH_CLEANING,MECHANIZED BEACH CLEANING\image636__jpeg.jpg,MECHANIZED BEACH CLEANING\verified_image636__jpeg.jpg,0,identical_perceptual_hash,moved_to_quarantine
300,MECHANIZED_BEACH_CLEANING,MECHANIZED BEACH CLEANING\image584__jpeg.jpg,MECHANIZED BEACH CLEANING\verified_image584__jpeg.jpg,0,identical_perceptual_hash,moved_to_quarantine
301,MECHANIZED_BEACH_CLEANING,MECHANIZED BEACH CLEANING\image601__jpeg.jpg,MECHANIZED BEACH CLEANING\verified_image601__jpeg.jpg,0,identical_perceptual_hash,moved_to_quarantine
302,MECHANIZED_BEACH_CLEANING,MECHANIZED BEACH CLEANING\image615__jpeg.jpg,MECHANIZED BEACH CLEANING\verified_image615__jpeg.jpg,0,identical_perceptual_hash,moved_to_quarantine
303,MECHANIZED_BEACH_CLEANING,MECHANIZED BEACH CLEANING\image595__jpeg.jpg,MECHANIZED BEACH CLEANING\verified_image595__jpeg.jpg,0,identical_perceptual_hash,moved_to_quarantine
304,MECHANIZED_BEACH_CLEANING,MECHANIZED BEACH CLEANING\image551__jpeg.jpg,MECHANIZED BEACH CLEANING\verified_image551__jpeg.jpg,0,identical_perceptual_hash,moved_to_quarantine
305,MECHANIZED_BEACH_CLEANING,MECHANIZED BEACH CLEANING\image607__jpeg.jpg,MECHANIZED BEACH CLEANING\verified_image607__jpeg.jpg,0,identical_perceptual_hash,moved_to_quarantine
306,MECHANIZED_BEACH_CLEANING,MECHANIZED BEACH CLEANING\image616__jpeg.jpg,MECHANIZED BEACH CLEANING\verified_image616__jpeg.jpg,0,identical_perceptual_hash,moved_to_quarantine
307,MECHANIZED_BEACH_CLEANING,MECHANIZED BEACH CLEANING\image638__jpeg.jpg,MECHANIZED BEACH CLEANING\verified_image638__jpeg.jpg,0,identical_perceptual_hash,moved_to_quarantine
308,MECHANIZED_BEACH_CLEANING,MECHANIZED BEACH CLEANING\image619__jpeg.jpg,MECHANIZED BEACH CLEANING\verified_image619__jpeg.jpg,0,identical_perceptual_hash,moved_to_quarantine
309,MECHANIZED_BEACH_CLEANING,MECHANIZED BEACH CLEANING\image588__jpeg.jpg,MECHANIZED BEACH CLEANING\verified_image588__jpeg.jpg,0,identical_perceptual_hash,moved_to_quarantine
310,MECHANIZED_BEACH_CLEANING,MECHANIZED BEACH CLEANING\image629__jpeg.jpg,MECHANIZED BEACH CLEANING\verified_image629__jpeg.jpg,0,identical_perceptual_hash,moved_to_quarantine
311,MECHANIZED_BEACH_CLEANING,MECHANIZED BEACH CLEANING\image622__jpeg.jpg,MECHANIZED BEACH CLEANING\verified_image622__jpeg.jpg,0,identical_perceptual_hash,moved_to_quarantine
312,MECHANIZED_BEACH_CLEANING,MECHANIZED BEACH CLEANING\image582__jpeg.jpg,MECHANIZED BEACH CLEANING\verified_image582__jpeg.jpg,0,identical_perceptual_hash,moved_to_quarantine
313,MECHANIZED_BEACH_CLEANING,MECHANIZED BEACH CLEANING\image578__jpeg.jpg,MECHANIZED BEACH CLEANING\verified_image578__jpeg.jpg,0,identical_perceptual_hash,moved_to_quarantine
314,MECHANIZED_BEACH_CLEANING,MECHANIZED BEACH CLEANING\image586__jpeg.jpg,MECHANIZED BEACH CLEANING\verified_image586__jpeg.jpg,0,identical_perceptual_hash,moved_to_quarantine
315,MECHANIZED_BEACH_CLEANING,MECHANIZED BEACH CLEANING\image606__jpeg.jpg,MECHANIZED BEACH CLEANING\verified_image606__jpeg.jpg,0,identical_perceptual_hash,moved_to_quarantine
316,MECHANIZED_BEACH_CLEANING,MECHANIZED BEACH CLEANING\image566__jpeg.jpg,MECHANIZED BEACH CLEANING\verified_image566__jpeg.jpg,0,identical_perceptual_hash,moved_to_quarantine
317,MECHANIZED_BEACH_CLEANING,MECHANIZED BEACH CLEANING\image598__jpeg.jpg,MECHANIZED BEACH CLEANING\verified_image598__jpeg.jpg,0,identical_perceptual_hash,moved_to_quarantine
318,MECHANIZED_BEACH_CLEANING,MECHANIZED BEACH CLEANING\image557__jpeg.jpg,MECHANIZED BEACH CLEANING\verified_image557__jpeg.jpg,0,identical_perceptual_hash,moved_to_quarantine
319,MECHANIZED_BEACH_CLEANING,MECHANIZED BEACH CLEANING\image553__jpeg.jpg,MECHANIZED BEACH CLEANING\verified_image553__jpeg.jpg,0,identical_perceptual_hash,moved_to_quarantine
320,MECHANIZED_BEACH_CLEANING,MECHANIZED BEACH CLEANING\image583__jpeg.jpg,MECHANIZED BEACH CLEANING\verified_image583__jpeg.jpg,0,identical_perceptual_hash,moved_to_quarantine
321,MECHANIZED_BEACH_CLEANING,MECHANIZED BEACH CLEANING\image567__jpeg.jpg,MECHANIZED BEACH CLEANING\verified_image567__jpeg.jpg,0,identical_perceptual_hash,moved_to_quarantine
322,MECHANIZED_BEACH_CLEANING,MECHANIZED BEACH CLEANING\image641__jpeg.jpg,MECHANIZED BEACH CLEANING\verified_image641__jpeg.jpg,0,identical_perceptual_hash,moved_to_quarantine
323,MECHANIZED_BEACH_CLEANING,MECHANIZED BEACH CLEANING\image633__png.jpg,MECHANIZED BEACH CLEANING\verified_image633__png.jpg,0,identical_perceptual_hash,moved_to_quarantine
324,MECHANIZED_BEACH_CLEANING,MECHANIZED BEACH CLEANING\image587__jpeg.jpg,MECHANIZED BEACH CLEANING\verified_image587__jpeg.jpg,0,identical_perceptual_hash,moved_to_quarantine
325,MECHANIZED_BEACH_CLEANING,MECHANIZED BEACH CLEANING\image593__jpeg.jpg,MECHANIZED BEACH CLEANING\verified_image593__jpeg.jpg,0,identical_perceptual_hash,moved_to_quarantine
326,MECHANIZED_BEACH_CLEANING,MECHANIZED BEACH CLEANING\image604__jpeg.jpg,MECHANIZED BEACH CLEANING\verified_image604__jpeg.jpg,0,identical_perceptual_hash,moved_to_quarantine
327,MECHANIZED_BEACH_CLEANING,MECHANIZED BEACH CLEANING\image603__jpeg.jpg,MECHANIZED BEACH CLEANING\verified_image603__jpeg.jpg,0,identical_perceptual_hash,moved_to_quarantine
328,MECHANIZED_BEACH_CLEANING,MECHANIZED BEACH CLEANING\image634__jpeg.jpg,MECHANIZED BEACH CLEANING\verified_image634__jpeg.jpg,0,identical_perceptual_hash,moved_to_quarantine
329,MECHANIZED_BEACH_CLEANING,MECHANIZED BEACH CLEANING\image624__jpeg.jpg,MECHANIZED BEACH CLEANING\verified_image624__jpeg.jpg,0,identical_perceptual_hash,moved_to_quarantine
330,MECHANIZED_BEACH_CLEANING,MECHANIZED BEACH CLEANING\image560__jpeg.jpg,MECHANIZED BEACH CLEANING\verified_image560__jpeg.jpg,0,identical_perceptual_hash,moved_to_quarantine
331,MECHANIZED_BEACH_CLEANING,MECHANIZED BEACH CLEANING\image559__jpeg.jpg,MECHANIZED BEACH CLEANING\verified_image559__jpeg.jpg,0,identical_perceptual_hash,moved_to_quarantine
332,MECHANIZED_BEACH_CLEANING,MECHANIZED BEACH CLEANING\image611__jpeg.jpg,MECHANIZED BEACH CLEANING\verified_image611__jpeg.jpg,0,identical_perceptual_hash,moved_to_quarantine
333,MECHANIZED_BEACH_CLEANING,MECHANIZED BEACH CLEANING\image612__jpeg.jpg,MECHANIZED BEACH CLEANING\verified_image612__jpeg.jpg,0,identical_perceptual_hash,moved_to_quarantine
334,MECHANIZED_BEACH_CLEANING,MECHANIZED BEACH CLEANING\image621__jpeg.jpg,MECHANIZED BEACH CLEANING\verified_image621__jpeg.jpg,0,identical_perceptual_hash,moved_to_quarantine
335,MECHANIZED_BEACH_CLEANING,MECHANIZED BEACH CLEANING\image600__jpeg.jpg,MECHANIZED BEACH CLEANING\verified_image600__jpeg.jpg,0,identical_perceptual_hash,moved_to_quarantine
336,MECHANIZED_BEACH_CLEANING,MECHANIZED BEACH CLEANING\image625__jpeg.jpg,MECHANIZED BEACH CLEANING\verified_image625__jpeg.jpg,0,identical_perceptual_hash,moved_to_quarantine
337,MECHANIZED_BEACH_CLEANING,MECHANIZED BEACH CLEANING\image614__jpeg.jpg,MECHANIZED BEACH CLEANING\verified_image614__jpeg.jpg,0,identical_perceptual_hash,moved_to_quarantine
338,MECHANIZED_BEACH_CLEANING,MECHANIZED BEACH CLEANING\image547__jpeg.jpg,MECHANIZED BEACH CLEANING\verified_image547__jpeg.jpg,0,identical_perceptual_hash,moved_to_quarantine
339,MECHANIZED_BEACH_CLEANING,MECHANIZED BEACH CLEANING\image635__jpeg.jpg,MECHANIZED BEACH CLEANING\verified_image635__jpeg.jpg,0,identical_perceptual_hash,moved_to_quarantine
340,MECHANIZED_BEACH_CLEANING,MECHANIZED BEACH CLEANING\image558__jpeg.jpg,MECHANIZED BEACH CLEANING\verified_image558__jpeg.jpg,0,identical_perceptual_hash,moved_to_quarantine
341,MECHANIZED_BEACH_CLEANING,MECHANIZED BEACH CLEANING\image549__jpeg.jpg,MECHANIZED BEACH CLEANING\verified_image549__jpeg.jpg,0,identical_perceptual_hash,moved_to_quarantine
342,MECHANIZED_BEACH_CLEANING,MECHANIZED BEACH CLEANING\image570__jpeg.jpg,MECHANIZED BEACH CLEANING\verified_image570__jpeg.jpg,0,identical_perceptual_hash,moved_to_quarantine
343,MECHANIZED_BEACH_CLEANING,MECHANIZED BEACH CLEANING\image573__jpeg.jpg,MECHANIZED BEACH CLEANING\verified_image573__jpeg.jpg,0,identical_perceptual_hash,moved_to_quarantine
344,MECHANIZED_BEACH_CLEANING,MECHANIZED BEACH CLEANING\image571__jpeg.jpg,MECHANIZED BEACH CLEANING\verified_image571__jpeg.jpg,0,identical_perceptual_hash,moved_to_quarantine
345,MECHANIZED_BEACH_CLEANING,MECHANIZED BEACH CLEANING\image605__jpeg.jpg,MECHANIZED BEACH CLEANING\verified_image605__jpeg.jpg,0,identical_perceptual_hash,moved_to_quarantine
346,MECHANIZED_BEACH_CLEANING,MECHANIZED BEACH CLEANING\image550__jpeg.jpg,MECHANIZED BEACH CLEANING\verified_image550__jpeg.jpg,0,identical_perceptual_hash,moved_to_quarantine
347,MECHANIZED_BEACH_CLEANING,MECHANIZED BEACH CLEANING\image592__jpeg.jpg,MECHANIZED BEACH CLEANING\verified_image592__jpeg.jpg,0,identical_perceptual_hash,moved_to_quarantine
348,MECHANIZED_BEACH_CLEANING,MECHANIZED BEACH CLEANING\image576__jpeg.jpg,MECHANIZED BEACH CLEANING\verified_image576__jpeg.jpg,0,identical_perceptual_hash,moved_to_quarantine
349,PRIMARY_COLLECTION,PRIMARY COLLECTION\image54__png.jpg,PRIMARY COLLECTION\verified_image54__png.jpg,0,identical_perceptual_hash,moved_to_quarantine
350,PRIMARY_COLLECTION,PRIMARY COLLECTION\image42__png.jpg,PRIMARY COLLECTION\verified_image42__png.jpg,0,identical_perceptual_hash,moved_to_quarantine
351,PRIMARY_COLLECTION,PRIMARY COLLECTION\image11__png.jpg,PRIMARY COLLECTION\verified_image11__png.jpg,0,identical_perceptual_hash,moved_to_quarantine
352,PRIMARY_COLLECTION,PRIMARY COLLECTION\image58__png.jpg,PRIMARY COLLECTION\verified_image58__png.jpg,0,identical_perceptual_hash,moved_to_quarantine
353,PRIMARY_COLLECTION,PRIMARY COLLECTION\image76__png.jpg,PRIMARY COLLECTION\verified_image76__png.jpg,0,identical_perceptual_hash,moved_to_quarantine
354,PRIMARY_COLLECTION,PRIMARY COLLECTION\image5__png.jpg,PRIMARY COLLECTION\verified_image5__png.jpg,0,identical_perceptual_hash,moved_to_quarantine
355,PRIMARY_COLLECTION,PRIMARY COLLECTION\image46__png.jpg,PRIMARY COLLECTION\verified_image46__png.jpg,0,identical_perceptual_hash,moved_to_quarantine
356,PRIMARY_COLLECTION,PRIMARY COLLECTION\image39__png.jpg,PRIMARY COLLECTION\verified_image39__png.jpg,0,identical_perceptual_hash,moved_to_quarantine
357,PRIMARY_COLLECTION,PRIMARY COLLECTION\image91__png.jpg,PRIMARY COLLECTION\verified_image91__png.jpg,0,identical_perceptual_hash,moved_to_quarantine
358,PRIMARY_COLLECTION,PRIMARY COLLECTION\image3__png.jpg,PRIMARY COLLECTION\verified_image3__png.jpg,0,identical_perceptual_hash,moved_to_quarantine
359,PRIMARY_COLLECTION,PRIMARY COLLECTION\image9__png.jpg,PRIMARY COLLECTION\verified_image9__png.jpg,0,identical_perceptual_hash,moved_to_quarantine
360,PRIMARY_COLLECTION,PRIMARY COLLECTION\image69__png.jpg,PRIMARY COLLECTION\verified_image69__png.jpg,0,identical_perceptual_hash,moved_to_quarantine
361,PRIMARY_COLLECTION,PRIMARY COLLECTION\image43__png.jpg,PRIMARY COLLECTION\verified_image43__png.jpg,0,identical_perceptual_hash,moved_to_quarantine
362,PRIMARY_COLLECTION,PRIMARY COLLECTION\image68__png.jpg,PRIMARY COLLECTION\verified_image68__png.jpg,0,identical_perceptual_hash,moved_to_quarantine
363,PRIMARY_COLLECTION,PRIMARY COLLECTION\image73__png.jpg,PRIMARY COLLECTION\verified_image73__png.jpg,0,identical_perceptual_hash,moved_to_quarantine
364,PRIMARY_COLLECTION,PRIMARY COLLECTION\image16__png.jpg,PRIMARY COLLECTION\verified_image16__png.jpg,0,identical_perceptual_hash,moved_to_quarantine
365,PRIMARY_COLLECTION,PRIMARY COLLECTION\image38__png.jpg,PRIMARY COLLECTION\verified_image38__png.jpg,0,identical_perceptual_hash,moved_to_quarantine
366,PRIMARY_COLLECTION,PRIMARY COLLECTION\image25__jpeg.jpg,PRIMARY COLLECTION\verified_image25__jpeg.jpg,0,identical_perceptual_hash,moved_to_quarantine
367,PRIMARY_COLLECTION,PRIMARY COLLECTION\image45__png.jpg,PRIMARY COLLECTION\verified_image45__png.jpg,0,identical_perceptual_hash,moved_to_quarantine
368,PRIMARY_COLLECTION,PRIMARY COLLECTION\image56__png.jpg,PRIMARY COLLECTION\verified_image56__png.jpg,0,identical_perceptual_hash,moved_to_quarantine
369,PRIMARY_COLLECTION,PRIMARY COLLECTION\image51__png.jpg,PRIMARY COLLECTION\verified_image51__png.jpg,0,identical_perceptual_hash,moved_to_quarantine
370,PRIMARY_COLLECTION,PRIMARY COLLECTION\image10__png.jpg,PRIMARY COLLECTION\verified_image10__png.jpg,0,identical_perceptual_hash,moved_to_quarantine
371,PRIMARY_COLLECTION,PRIMARY COLLECTION\image96__png.jpg,PRIMARY COLLECTION\verified_image96__png.jpg,0,identical_perceptual_hash,moved_to_quarantine
372,PRIMARY_COLLECTION,PRIMARY COLLECTION\image81__png.jpg,PRIMARY COLLECTION\verified_image81__png.jpg,0,identical_perceptual_hash,moved_to_quarantine
373,PRIMARY_COLLECTION,PRIMARY COLLECTION\image7__png.jpg,PRIMARY COLLECTION\verified_image7__png.jpg,0,identical_perceptual_hash,moved_to_quarantine
374,PRIMARY_COLLECTION,PRIMARY COLLECTION\image8__png.jpg,PRIMARY COLLECTION\verified_image8__png.jpg,0,identical_perceptual_hash,moved_to_quarantine
375,PRIMARY_COLLECTION,PRIMARY COLLECTION\image79__png.jpg,PRIMARY COLLECTION\verified_image79__png.jpg,0,identical_perceptual_hash,moved_to_quarantine
376,PRIMARY_COLLECTION,PRIMARY COLLECTION\image94__png.jpg,PRIMARY COLLECTION\verified_image94__png.jpg,0,identical_perceptual_hash,moved_to_quarantine
377,PRIMARY_COLLECTION,PRIMARY COLLECTION\image83__png.jpg,PRIMARY COLLECTION\verified_image83__png.jpg,0,identical_perceptual_hash,moved_to_quarantine
378,PRIMARY_COLLECTION,PRIMARY COLLECTION\image41__png.jpg,PRIMARY COLLECTION\verified_image41__png.jpg,0,identical_perceptual_hash,moved_to_quarantine
379,PRIMARY_COLLECTION,PRIMARY COLLECTION\image85__png.jpg,PRIMARY COLLECTION\verified_image85__png.jpg,0,identical_perceptual_hash,moved_to_quarantine
380,PRIMARY_COLLECTION,PRIMARY COLLECTION\image29__jpeg.jpg,PRIMARY COLLECTION\verified_image29__jpeg.jpg,0,identical_perceptual_hash,moved_to_quarantine
381,PRIMARY_COLLECTION,PRIMARY COLLECTION\image31__png.jpg,PRIMARY COLLECTION\verified_image31__png.jpg,0,identical_perceptual_hash,moved_to_quarantine
382,PRIMARY_COLLECTION,PRIMARY COLLECTION\image55__png.jpg,PRIMARY COLLECTION\verified_image55__png.jpg,0,identical_perceptual_hash,moved_to_quarantine
383,PRIMARY_COLLECTION,PRIMARY COLLECTION\image82__png.jpg,PRIMARY COLLECTION\verified_image82__png.jpg,0,identical_perceptual_hash,moved_to_quarantine
384,PRIMARY_COLLECTION,PRIMARY COLLECTION\image99__png.jpg,PRIMARY COLLECTION\verified_image99__png.jpg,0,identical_perceptual_hash,moved_to_quarantine
385,PRIMARY_COLLECTION,PRIMARY COLLECTION\image17__jpeg.jpg,PRIMARY COLLECTION\verified_image17__jpeg.jpg,0,identical_perceptual_hash,moved_to_quarantine
386,PRIMARY_COLLECTION,PRIMARY COLLECTION\image87__png.jpg,PRIMARY COLLECTION\verified_image87__png.jpg,0,identical_perceptual_hash,moved_to_quarantine
387,PRIMARY_COLLECTION,PRIMARY COLLECTION\image35__png.jpg,PRIMARY COLLECTION\verified_image35__png.jpg,0,identical_perceptual_hash,moved_to_quarantine
388,PRIMARY_COLLECTION,PRIMARY COLLECTION\image97__png.jpg,PRIMARY COLLECTION\verified_image97__png.jpg,0,identical_perceptual_hash,moved_to_quarantine
389,PRIMARY_COLLECTION,PRIMARY COLLECTION\image53__png.jpg,PRIMARY COLLECTION\verified_image53__png.jpg,0,identical_perceptual_hash,moved_to_quarantine
390,PRIMARY_COLLECTION,PRIMARY COLLECTION\image63__png.jpg,PRIMARY COLLECTION\verified_image63__png.jpg,0,identical_perceptual_hash,moved_to_quarantine
391,PRIMARY_COLLECTION,PRIMARY COLLECTION\image66__png.jpg,PRIMARY COLLECTION\verified_image66__png.jpg,0,identical_perceptual_hash,moved_to_quarantine
392,PRIMARY_COLLECTION,PRIMARY COLLECTION\image6__png.jpg,PRIMARY COLLECTION\verified_image6__png.jpg,0,identical_perceptual_hash,moved_to_quarantine
393,PRIMARY_COLLECTION,PRIMARY COLLECTION\image88__png.jpg,PRIMARY COLLECTION\verified_image88__png.jpg,0,identical_perceptual_hash,moved_to_quarantine
394,PRIMARY_COLLECTION,PRIMARY COLLECTION\image37__png.jpg,PRIMARY COLLECTION\verified_image37__png.jpg,0,identical_perceptual_hash,moved_to_quarantine
395,PRIMARY_COLLECTION,PRIMARY COLLECTION\image72__png.jpg,PRIMARY COLLECTION\verified_image72__png.jpg,0,identical_perceptual_hash,moved_to_quarantine
396,PRIMARY_COLLECTION,PRIMARY COLLECTION\image60__png.jpg,PRIMARY COLLECTION\verified_image60__png.jpg,0,identical_perceptual_hash,moved_to_quarantine
397,PRIMARY_COLLECTION,PRIMARY COLLECTION\image78__png.jpg,PRIMARY COLLECTION\verified_image78__png.jpg,0,identical_perceptual_hash,moved_to_quarantine
398,PRIMARY_COLLECTION,PRIMARY COLLECTION\image26__jpeg.jpg,PRIMARY COLLECTION\verified_image26__jpeg.jpg,0,identical_perceptual_hash,moved_to_quarantine
399,PRIMARY_COLLECTION,PRIMARY COLLECTION\image27__jpeg.jpg,PRIMARY COLLECTION\verified_image27__jpeg.jpg,0,identical_perceptual_hash,moved_to_quarantine
400,PRIMARY_COLLECTION,PRIMARY COLLECTION\image93__png.jpg,PRIMARY COLLECTION\verified_image93__png.jpg,0,identical_perceptual_hash,moved_to_quarantine
401,PRIMARY_COLLECTION,PRIMARY COLLECTION\image61__png.jpg,PRIMARY COLLECTION\verified_image61__png.jpg,0,identical_perceptual_hash,moved_to_quarantine
402,PRIMARY_COLLECTION,PRIMARY COLLECTION\image18__jpeg.jpg,PRIMARY COLLECTION\verified_image18__jpeg.jpg,0,identical_perceptual_hash,moved_to_quarantine
403,PRIMARY_COLLECTION,PRIMARY COLLECTION\image50__png.jpg,PRIMARY COLLECTION\verified_image50__png.jpg,0,identical_perceptual_hash,moved_to_quarantine
404,PRIMARY_COLLECTION,PRIMARY COLLECTION\image80__png.jpg,PRIMARY COLLECTION\verified_image80__png.jpg,0,identical_perceptual_hash,moved_to_quarantine
405,PRIMARY_COLLECTION,PRIMARY COLLECTION\image92__png.jpg,PRIMARY COLLECTION\verified_image92__png.jpg,0,identical_perceptual_hash,moved_to_quarantine
406,PRIMARY_COLLECTION,PRIMARY COLLECTION\image62__png.jpg,PRIMARY COLLECTION\verified_image62__png.jpg,0,identical_perceptual_hash,moved_to_quarantine
407,PRIMARY_COLLECTION,PRIMARY COLLECTION\image67__png.jpg,PRIMARY COLLECTION\verified_image67__png.jpg,0,identical_perceptual_hash,moved_to_quarantine
408,PRIMARY_COLLECTION,PRIMARY COLLECTION\image89__png.jpg,PRIMARY COLLECTION\verified_image89__png.jpg,0,identical_perceptual_hash,moved_to_quarantine
409,PRIMARY_COLLECTION,PRIMARY COLLECTION\image95__png.jpg,PRIMARY COLLECTION\verified_image95__png.jpg,0,identical_perceptual_hash,moved_to_quarantine
410,PRIMARY_COLLECTION,PRIMARY COLLECTION\image71__png.jpg,PRIMARY COLLECTION\verified_image71__png.jpg,0,identical_perceptual_hash,moved_to_quarantine
411,PRIMARY_COLLECTION,PRIMARY COLLECTION\image34__png.jpg,PRIMARY COLLECTION\verified_image34__png.jpg,0,identical_perceptual_hash,moved_to_quarantine
412,PRIMARY_COLLECTION,PRIMARY COLLECTION\image74__jpeg.jpg,PRIMARY COLLECTION\verified_image74__jpeg.jpg,0,identical_perceptual_hash,moved_to_quarantine
413,PRIMARY_COLLECTION,PRIMARY COLLECTION\image90__png.jpg,PRIMARY COLLECTION\verified_image90__png.jpg,0,identical_perceptual_hash,moved_to_quarantine
414,PRIMARY_COLLECTION,PRIMARY COLLECTION\image57__png.jpg,PRIMARY COLLECTION\verified_image57__png.jpg,0,identical_perceptual_hash,moved_to_quarantine
415,PRIMARY_COLLECTION,PRIMARY COLLECTION\image48__png.jpg,PRIMARY COLLECTION\verified_image48__png.jpg,0,identical_perceptual_hash,moved_to_quarantine
416,PRIMARY_COLLECTION,PRIMARY COLLECTION\image100__png.jpg,PRIMARY COLLECTION\verified_image100__png.jpg,0,identical_perceptual_hash,moved_to_quarantine
417,PRIMARY_COLLECTION,PRIMARY COLLECTION\image101__png.jpg,PRIMARY COLLECTION\verified_image101__png.jpg,0,identical_perceptual_hash,moved_to_quarantine
418,PRIMARY_COLLECTION,PRIMARY COLLECTION\image44__png.jpg,PRIMARY COLLECTION\verified_image44__png.jpg,0,identical_perceptual_hash,moved_to_quarantine
419,PRIMARY_COLLECTION,PRIMARY COLLECTION\image4__png.jpg,PRIMARY COLLECTION\verified_image4__png.jpg,0,identical_perceptual_hash,moved_to_quarantine
420,PRIMARY_COLLECTION,PRIMARY COLLECTION\image86__png.jpg,PRIMARY COLLECTION\verified_image86__png.jpg,0,identical_perceptual_hash,moved_to_quarantine
421,PRIMARY_COLLECTION,PRIMARY COLLECTION\image40__png.jpg,PRIMARY COLLECTION\verified_image40__png.jpg,0,identical_perceptual_hash,moved_to_quarantine
422,PRIMARY_COLLECTION,PRIMARY COLLECTION\image47__png.jpg,PRIMARY COLLECTION\verified_image47__png.jpg,0,identical_perceptual_hash,moved_to_quarantine
423,PRIMARY_COLLECTION,PRIMARY COLLECTION\image30__png.jpg,PRIMARY COLLECTION\verified_image30__png.jpg,0,identical_perceptual_hash,moved_to_quarantine
424,PRIMARY_COLLECTION,PRIMARY COLLECTION\image84__png.jpg,PRIMARY COLLECTION\verified_image84__png.jpg,0,identical_perceptual_hash,moved_to_quarantine
425,PRIMARY_COLLECTION,PRIMARY COLLECTION\image75__png.jpg,PRIMARY COLLECTION\verified_image75__png.jpg,0,identical_perceptual_hash,moved_to_quarantine
426,PRIMARY_COLLECTION,PRIMARY COLLECTION\image52__png.jpg,PRIMARY COLLECTION\verified_image52__png.jpg,0,identical_perceptual_hash,moved_to_quarantine
427,PRIMARY_COLLECTION,PRIMARY COLLECTION\image22__png.jpg,PRIMARY COLLECTION\verified_image22__png.jpg,0,identical_perceptual_hash,moved_to_quarantine
428,PRIMARY_COLLECTION,PRIMARY COLLECTION\image33__png.jpg,PRIMARY COLLECTION\verified_image33__png.jpg,0,identical_perceptual_hash,moved_to_quarantine
429,PRIMARY_COLLECTION,PRIMARY COLLECTION\image32__png.jpg,PRIMARY COLLECTION\verified_image32__png.jpg,0,identical_perceptual_hash,moved_to_quarantine
430,PRIMARY_COLLECTION,PRIMARY COLLECTION\image14__png.jpg,PRIMARY COLLECTION\verified_image14__png.jpg,0,identical_perceptual_hash,moved_to_quarantine
431,PRIMARY_COLLECTION,PRIMARY COLLECTION\image28__jpeg.jpg,PRIMARY COLLECTION\verified_image28__jpeg.jpg,0,identical_perceptual_hash,moved_to_quarantine
432,PRIMARY_COLLECTION,PRIMARY COLLECTION\image49__png.jpg,PRIMARY COLLECTION\verified_image49__png.jpg,0,identical_perceptual_hash,moved_to_quarantine
433,PRIMARY_COLLECTION,PRIMARY COLLECTION\image23__png.jpg,PRIMARY COLLECTION\verified_image23__png.jpg,0,identical_perceptual_hash,moved_to_quarantine
434,PRIMARY_COLLECTION,PRIMARY COLLECTION\image19__jpeg.jpg,PRIMARY COLLECTION\verified_image19__jpeg.jpg,0,identical_perceptual_hash,moved_to_quarantine
435,PRIMARY_COLLECTION,PRIMARY COLLECTION\image65__png.jpg,PRIMARY COLLECTION\verified_image65__png.jpg,0,identical_perceptual_hash,moved_to_quarantine
436,PRIMARY_COLLECTION,PRIMARY COLLECTION\image21__png.jpg,PRIMARY COLLECTION\verified_image21__png.jpg,0,identical_perceptual_hash,moved_to_quarantine
437,PRIMARY_COLLECTION,PRIMARY COLLECTION\image15__png.jpg,PRIMARY COLLECTION\verified_image15__png.jpg,0,identical_perceptual_hash,moved_to_quarantine
438,PRIMARY_COLLECTION,PRIMARY COLLECTION\image13__png.jpg,PRIMARY COLLECTION\verified_image13__png.jpg,0,identical_perceptual_hash,moved_to_quarantine
439,PRIMARY_COLLECTION,PRIMARY COLLECTION\image77__png.jpg,PRIMARY COLLECTION\verified_image77__png.jpg,0,identical_perceptual_hash,moved_to_quarantine
440,PRIMARY_COLLECTION,PRIMARY COLLECTION\image36__png.jpg,PRIMARY COLLECTION\verified_image36__png.jpg,0,identical_perceptual_hash,moved_to_quarantine
441,PRIMARY_COLLECTION,PRIMARY COLLECTION\image12__png.jpg,PRIMARY COLLECTION\verified_image12__png.jpg,0,identical_perceptual_hash,moved_to_quarantine
442,PRIMARY_COLLECTION,PRIMARY COLLECTION\image20__jpeg.jpg,PRIMARY COLLECTION\verified_image20__jpeg.jpg,0,identical_perceptual_hash,moved_to_quarantine
443,PRIMARY_COLLECTION,PRIMARY COLLECTION\image98__png.jpg,PRIMARY COLLECTION\verified_image98__png.jpg,0,identical_perceptual_hash,moved_to_quarantine
444,PRIMARY_COLLECTION,PRIMARY COLLECTION\image24__png.jpg,PRIMARY COLLECTION\verified_image24__png.jpg,0,identical_perceptual_hash,moved_to_quarantine
445,PRIMARY_COLLECTION,PRIMARY COLLECTION\image70__png.jpg,PRIMARY COLLECTION\verified_image70__png.jpg,0,identical_perceptual_hash,moved_to_quarantine
446,PRIMARY_COLLECTION,PRIMARY COLLECTION\image59__png.jpg,PRIMARY COLLECTION\verified_image59__png.jpg,0,identical_perceptual_hash,moved_to_quarantine
447,PRIMARY_COLLECTION,PRIMARY COLLECTION\image64__png.jpg,PRIMARY COLLECTION\verified_image64__png.jpg,0,identical_perceptual_hash,moved_to_quarantine
448,ROAD_SWEEPING,ROAD SWEEPING\WhatsApp_Image_2026-07-02_at_5_59_06_AM__jpeg.jpg,ROAD SWEEPING\WhatsApp_Image_2026-07-02_at_5_59_12_AM__jpeg.jpg,0,identical_perceptual_hash,moved_to_quarantine
448,ROAD_SWEEPING,ROAD SWEEPING\WhatsApp_Image_2026-07-02_at_5_59_06_AM__jpeg.jpg,ROAD SWEEPING\WhatsApp_Image_2026-07-02_at_6_01_32_AM_1__jpeg.jpg,0,identical_perceptual_hash,moved_to_quarantine
448,ROAD_SWEEPING,ROAD SWEEPING\WhatsApp_Image_2026-07-02_at_5_59_06_AM__jpeg.jpg,ROAD SWEEPING\WhatsApp_Image_2026-07-02_at_6_01_33_AM__jpeg.jpg,0,identical_perceptual_hash,moved_to_quarantine
449,ROAD_SWEEPING,ROAD SWEEPING\WhatsApp_Image_2026-07-03_at_1_08_25_AM__jpeg.jpg,ROAD SWEEPING\WhatsApp_Image_2026-07-03_at_5_26_02_AM_1__jpeg.jpg,0,identical_perceptual_hash,moved_to_quarantine
450,ROAD_SWEEPING,ROAD SWEEPING\WhatsApp_Image_2026-07-07_at_10_40_11_PM__jpeg.jpg,ROAD SWEEPING\WhatsApp_Image_2026-07-07_at_11_26_15_PM__jpeg.jpg,0,identical_perceptual_hash,moved_to_quarantine
451,ROAD_SWEEPING,ROAD SWEEPING\WhatsApp_Image_2026-07-03_at_1_08_25_AM_1__jpeg.jpg,ROAD SWEEPING\WhatsApp_Image_2026-07-03_at_5_26_01_AM__jpeg.jpg,0,identical_perceptual_hash,moved_to_quarantine
452,ROAD_SWEEPING,ROAD SWEEPING\WhatsApp_Image_2026-07-02_at_6_01_28_AM__jpeg.jpg,ROAD SWEEPING\WhatsApp_Image_2026-07-02_at_6_01_32_AM__jpeg.jpg,0,identical_perceptual_hash,moved_to_quarantine
453,ROAD_SWEEPING,ROAD SWEEPING\WhatsApp_Image_2026-07-03_at_7_07_12_AM_1__jpeg.jpg,ROAD SWEEPING\WhatsApp_Image_2026-07-03_at_8_19_17_AM_1__jpeg.jpg,0,identical_perceptual_hash,moved_to_quarantine
454,ROAD_SWEEPING,ROAD SWEEPING\WhatsApp_Image_2026-07-03_at_1_08_26_AM__jpeg.jpg,ROAD SWEEPING\WhatsApp_Image_2026-07-03_at_5_26_01_AM_1__jpeg.jpg,0,identical_perceptual_hash,moved_to_quarantine
455,ROAD_SWEEPING,ROAD SWEEPING\WhatsApp_Image_2026-07-03_at_1_08_31_AM_1__jpeg.jpg,ROAD SWEEPING\WhatsApp_Image_2026-07-03_at_5_26_04_AM_1__jpeg.jpg,0,identical_perceptual_hash,moved_to_quarantine
456,ROAD_SWEEPING,ROAD SWEEPING\WhatsApp_Image_2026-07-03_at_1_08_27_AM_2__jpeg.jpg,ROAD SWEEPING\WhatsApp_Image_2026-07-03_at_5_26_02_AM__jpeg.jpg,0,identical_perceptual_hash,moved_to_quarantine
457,ROAD_SWEEPING,ROAD SWEEPING\WhatsApp_Image_2026-07-02_at_5_55_42_AM__jpeg.jpg,ROAD SWEEPING\WhatsApp_Image_2026-07-02_at_6_01_27_AM__jpeg.jpg,0,identical_perceptual_hash,moved_to_quarantine
458,SECONDARY_VEHICLES,SECONDARY VEHICLES\image658__jpeg.jpg,SECONDARY VEHICLES\verified_image658__jpeg.jpg,0,identical_perceptual_hash,moved_to_quarantine
459,SECONDARY_VEHICLES,SECONDARY VEHICLES\image703__jpeg.jpg,SECONDARY VEHICLES\verified_image703__jpeg.jpg,0,identical_perceptual_hash,moved_to_quarantine
460,SECONDARY_VEHICLES,SECONDARY VEHICLES\image735__jpeg.jpg,SECONDARY VEHICLES\verified_image735__jpeg.jpg,0,identical_perceptual_hash,moved_to_quarantine
461,SECONDARY_VEHICLES,SECONDARY VEHICLES\image704__jpeg.jpg,SECONDARY VEHICLES\verified_image704__jpeg.jpg,0,identical_perceptual_hash,moved_to_quarantine
462,SECONDARY_VEHICLES,SECONDARY VEHICLES\image714__jpeg.jpg,SECONDARY VEHICLES\verified_image714__jpeg.jpg,0,identical_perceptual_hash,moved_to_quarantine
463,SECONDARY_VEHICLES,SECONDARY VEHICLES\image713__jpeg.jpg,SECONDARY VEHICLES\verified_image713__jpeg.jpg,0,identical_perceptual_hash,moved_to_quarantine
464,SECONDARY_VEHICLES,SECONDARY VEHICLES\image699__jpeg.jpg,SECONDARY VEHICLES\verified_image699__jpeg.jpg,0,identical_perceptual_hash,moved_to_quarantine
465,SECONDARY_VEHICLES,SECONDARY VEHICLES\image664__jpeg.jpg,SECONDARY VEHICLES\verified_image664__jpeg.jpg,0,identical_perceptual_hash,moved_to_quarantine
466,SECONDARY_VEHICLES,SECONDARY VEHICLES\image683__jpeg.jpg,SECONDARY VEHICLES\verified_image683__jpeg.jpg,0,identical_perceptual_hash,moved_to_quarantine
467,SECONDARY_VEHICLES,SECONDARY VEHICLES\image652__jpeg.jpg,SECONDARY VEHICLES\verified_image652__jpeg.jpg,0,identical_perceptual_hash,moved_to_quarantine
468,SECONDARY_VEHICLES,SECONDARY VEHICLES\image738__jpeg.jpg,SECONDARY VEHICLES\verified_image738__jpeg.jpg,0,identical_perceptual_hash,moved_to_quarantine
469,SECONDARY_VEHICLES,SECONDARY VEHICLES\image694__jpeg.jpg,SECONDARY VEHICLES\verified_image694__jpeg.jpg,0,identical_perceptual_hash,moved_to_quarantine
470,SECONDARY_VEHICLES,SECONDARY VEHICLES\image706__jpeg.jpg,SECONDARY VEHICLES\verified_image706__jpeg.jpg,0,identical_perceptual_hash,moved_to_quarantine
471,SECONDARY_VEHICLES,SECONDARY VEHICLES\image685__jpeg.jpg,SECONDARY VEHICLES\verified_image685__jpeg.jpg,0,identical_perceptual_hash,moved_to_quarantine
472,SECONDARY_VEHICLES,SECONDARY VEHICLES\image657__jpeg.jpg,SECONDARY VEHICLES\verified_image657__jpeg.jpg,0,identical_perceptual_hash,moved_to_quarantine
473,SECONDARY_VEHICLES,SECONDARY VEHICLES\image712__jpeg.jpg,SECONDARY VEHICLES\verified_image712__jpeg.jpg,0,identical_perceptual_hash,moved_to_quarantine
474,SECONDARY_VEHICLES,SECONDARY VEHICLES\image740__jpeg.jpg,SECONDARY VEHICLES\verified_image740__jpeg.jpg,0,identical_perceptual_hash,moved_to_quarantine
475,SECONDARY_VEHICLES,SECONDARY VEHICLES\image693__jpeg.jpg,SECONDARY VEHICLES\verified_image693__jpeg.jpg,0,identical_perceptual_hash,moved_to_quarantine
476,SECONDARY_VEHICLES,SECONDARY VEHICLES\image717__jpeg.jpg,SECONDARY VEHICLES\verified_image717__jpeg.jpg,0,identical_perceptual_hash,moved_to_quarantine
477,SECONDARY_VEHICLES,SECONDARY VEHICLES\image707__jpeg.jpg,SECONDARY VEHICLES\verified_image707__jpeg.jpg,0,identical_perceptual_hash,moved_to_quarantine
478,SECONDARY_VEHICLES,SECONDARY VEHICLES\image669__jpeg.jpg,SECONDARY VEHICLES\verified_image669__jpeg.jpg,0,identical_perceptual_hash,moved_to_quarantine
479,SECONDARY_VEHICLES,SECONDARY VEHICLES\image675__jpeg.jpg,SECONDARY VEHICLES\verified_image675__jpeg.jpg,0,identical_perceptual_hash,moved_to_quarantine
480,SECONDARY_VEHICLES,SECONDARY VEHICLES\image739__jpeg.jpg,SECONDARY VEHICLES\verified_image739__jpeg.jpg,0,identical_perceptual_hash,moved_to_quarantine
481,SECONDARY_VEHICLES,SECONDARY VEHICLES\image742__jpeg.jpg,SECONDARY VEHICLES\verified_image742__jpeg.jpg,0,identical_perceptual_hash,moved_to_quarantine
482,SECONDARY_VEHICLES,SECONDARY VEHICLES\image721__jpeg.jpg,SECONDARY VEHICLES\verified_image721__jpeg.jpg,0,identical_perceptual_hash,moved_to_quarantine
483,SECONDARY_VEHICLES,SECONDARY VEHICLES\image691__jpeg.jpg,SECONDARY VEHICLES\verified_image691__jpeg.jpg,0,identical_perceptual_hash,moved_to_quarantine
484,SECONDARY_VEHICLES,SECONDARY VEHICLES\image684__jpeg.jpg,SECONDARY VEHICLES\verified_image684__jpeg.jpg,0,identical_perceptual_hash,moved_to_quarantine
485,SECONDARY_VEHICLES,SECONDARY VEHICLES\image733__jpeg.jpg,SECONDARY VEHICLES\verified_image733__jpeg.jpg,0,identical_perceptual_hash,moved_to_quarantine
486,SECONDARY_VEHICLES,SECONDARY VEHICLES\image663__jpeg.jpg,SECONDARY VEHICLES\verified_image663__jpeg.jpg,0,identical_perceptual_hash,moved_to_quarantine
487,SECONDARY_VEHICLES,SECONDARY VEHICLES\image711__jpeg.jpg,SECONDARY VEHICLES\verified_image711__jpeg.jpg,0,identical_perceptual_hash,moved_to_quarantine
488,SECONDARY_VEHICLES,SECONDARY VEHICLES\image700__jpeg.jpg,SECONDARY VEHICLES\verified_image700__jpeg.jpg,0,identical_perceptual_hash,moved_to_quarantine
489,SECONDARY_VEHICLES,SECONDARY VEHICLES\image672__jpeg.jpg,SECONDARY VEHICLES\verified_image672__jpeg.jpg,0,identical_perceptual_hash,moved_to_quarantine
490,SECONDARY_VEHICLES,SECONDARY VEHICLES\image680__jpeg.jpg,SECONDARY VEHICLES\verified_image680__jpeg.jpg,0,identical_perceptual_hash,moved_to_quarantine
491,SECONDARY_VEHICLES,SECONDARY VEHICLES\image726__jpeg.jpg,SECONDARY VEHICLES\verified_image726__jpeg.jpg,0,identical_perceptual_hash,moved_to_quarantine
492,SECONDARY_VEHICLES,SECONDARY VEHICLES\image730__jpeg.jpg,SECONDARY VEHICLES\verified_image730__jpeg.jpg,0,identical_perceptual_hash,moved_to_quarantine
493,SECONDARY_VEHICLES,SECONDARY VEHICLES\image692__jpeg.jpg,SECONDARY VEHICLES\verified_image692__jpeg.jpg,0,identical_perceptual_hash,moved_to_quarantine
494,SECONDARY_VEHICLES,SECONDARY VEHICLES\image670__jpeg.jpg,SECONDARY VEHICLES\verified_image670__jpeg.jpg,0,identical_perceptual_hash,moved_to_quarantine
495,SECONDARY_VEHICLES,SECONDARY VEHICLES\image719__jpeg.jpg,SECONDARY VEHICLES\verified_image719__jpeg.jpg,0,identical_perceptual_hash,moved_to_quarantine
496,SECONDARY_VEHICLES,SECONDARY VEHICLES\image673__jpeg.jpg,SECONDARY VEHICLES\verified_image673__jpeg.jpg,0,identical_perceptual_hash,moved_to_quarantine
497,SECONDARY_VEHICLES,SECONDARY VEHICLES\image705__jpeg.jpg,SECONDARY VEHICLES\verified_image705__jpeg.jpg,0,identical_perceptual_hash,moved_to_quarantine
498,SECONDARY_VEHICLES,SECONDARY VEHICLES\image656__jpeg.jpg,SECONDARY VEHICLES\verified_image656__jpeg.jpg,0,identical_perceptual_hash,moved_to_quarantine
499,SECONDARY_VEHICLES,SECONDARY VEHICLES\image718__jpeg.jpg,SECONDARY VEHICLES\verified_image718__jpeg.jpg,0,identical_perceptual_hash,moved_to_quarantine
500,SECONDARY_VEHICLES,SECONDARY VEHICLES\image743__jpeg.jpg,SECONDARY VEHICLES\verified_image743__jpeg.jpg,0,identical_perceptual_hash,moved_to_quarantine
501,SECONDARY_VEHICLES,SECONDARY VEHICLES\image665__jpeg.jpg,SECONDARY VEHICLES\verified_image665__jpeg.jpg,0,identical_perceptual_hash,moved_to_quarantine
502,SECONDARY_VEHICLES,SECONDARY VEHICLES\image674__jpeg.jpg,SECONDARY VEHICLES\verified_image674__jpeg.jpg,0,identical_perceptual_hash,moved_to_quarantine
503,SECONDARY_VEHICLES,SECONDARY VEHICLES\image661__jpeg.jpg,SECONDARY VEHICLES\verified_image661__jpeg.jpg,0,identical_perceptual_hash,moved_to_quarantine
504,SECONDARY_VEHICLES,SECONDARY VEHICLES\image659__jpeg.jpg,SECONDARY VEHICLES\verified_image659__jpeg.jpg,0,identical_perceptual_hash,moved_to_quarantine
505,SECONDARY_VEHICLES,SECONDARY VEHICLES\image676__jpeg.jpg,SECONDARY VEHICLES\verified_image676__jpeg.jpg,0,identical_perceptual_hash,moved_to_quarantine
506,SECONDARY_VEHICLES,SECONDARY VEHICLES\image728__jpeg.jpg,SECONDARY VEHICLES\verified_image728__jpeg.jpg,0,identical_perceptual_hash,moved_to_quarantine
507,SECONDARY_VEHICLES,SECONDARY VEHICLES\image678__jpeg.jpg,SECONDARY VEHICLES\verified_image678__jpeg.jpg,0,identical_perceptual_hash,moved_to_quarantine
508,SECONDARY_VEHICLES,SECONDARY VEHICLES\image716__jpeg.jpg,SECONDARY VEHICLES\verified_image716__jpeg.jpg,0,identical_perceptual_hash,moved_to_quarantine
509,SECONDARY_VEHICLES,SECONDARY VEHICLES\image708__jpeg.jpg,SECONDARY VEHICLES\verified_image708__jpeg.jpg,0,identical_perceptual_hash,moved_to_quarantine
510,SECONDARY_VEHICLES,SECONDARY VEHICLES\image702__jpeg.jpg,SECONDARY VEHICLES\verified_image702__jpeg.jpg,0,identical_perceptual_hash,moved_to_quarantine
511,SECONDARY_VEHICLES,SECONDARY VEHICLES\image660__jpeg.jpg,SECONDARY VEHICLES\verified_image660__jpeg.jpg,0,identical_perceptual_hash,moved_to_quarantine
512,SECONDARY_VEHICLES,SECONDARY VEHICLES\image724__jpeg.jpg,SECONDARY VEHICLES\verified_image724__jpeg.jpg,0,identical_perceptual_hash,moved_to_quarantine
513,SECONDARY_VEHICLES,SECONDARY VEHICLES\image736__jpeg.jpg,SECONDARY VEHICLES\verified_image736__jpeg.jpg,0,identical_perceptual_hash,moved_to_quarantine
514,SECONDARY_VEHICLES,SECONDARY VEHICLES\image667__jpeg.jpg,SECONDARY VEHICLES\verified_image667__jpeg.jpg,0,identical_perceptual_hash,moved_to_quarantine
515,SECONDARY_VEHICLES,SECONDARY VEHICLES\image655__jpeg.jpg,SECONDARY VEHICLES\verified_image655__jpeg.jpg,0,identical_perceptual_hash,moved_to_quarantine
516,SECONDARY_VEHICLES,SECONDARY VEHICLES\image686__jpeg.jpg,SECONDARY VEHICLES\verified_image686__jpeg.jpg,0,identical_perceptual_hash,moved_to_quarantine
517,SECONDARY_VEHICLES,SECONDARY VEHICLES\image720__jpeg.jpg,SECONDARY VEHICLES\verified_image720__jpeg.jpg,0,identical_perceptual_hash,moved_to_quarantine
518,SECONDARY_VEHICLES,SECONDARY VEHICLES\image731__jpeg.jpg,SECONDARY VEHICLES\verified_image731__jpeg.jpg,0,identical_perceptual_hash,moved_to_quarantine
519,SECONDARY_VEHICLES,SECONDARY VEHICLES\image695__jpeg.jpg,SECONDARY VEHICLES\verified_image695__jpeg.jpg,0,identical_perceptual_hash,moved_to_quarantine
520,SECONDARY_VEHICLES,SECONDARY VEHICLES\image671__jpeg.jpg,SECONDARY VEHICLES\verified_image671__jpeg.jpg,0,identical_perceptual_hash,moved_to_quarantine
521,SECONDARY_VEHICLES,SECONDARY VEHICLES\image690__jpeg.jpg,SECONDARY VEHICLES\verified_image690__jpeg.jpg,0,identical_perceptual_hash,moved_to_quarantine
522,SECONDARY_VEHICLES,SECONDARY VEHICLES\image647__jpeg.jpg,SECONDARY VEHICLES\verified_image647__jpeg.jpg,0,identical_perceptual_hash,moved_to_quarantine
523,SECONDARY_VEHICLES,SECONDARY VEHICLES\image732__jpeg.jpg,SECONDARY VEHICLES\verified_image732__jpeg.jpg,0,identical_perceptual_hash,moved_to_quarantine
524,SECONDARY_VEHICLES,SECONDARY VEHICLES\image688__jpeg.jpg,SECONDARY VEHICLES\verified_image688__jpeg.jpg,0,identical_perceptual_hash,moved_to_quarantine
525,SECONDARY_VEHICLES,SECONDARY VEHICLES\image666__jpeg.jpg,SECONDARY VEHICLES\verified_image666__jpeg.jpg,0,identical_perceptual_hash,moved_to_quarantine
526,SECONDARY_VEHICLES,SECONDARY VEHICLES\image715__jpeg.jpg,SECONDARY VEHICLES\verified_image715__jpeg.jpg,0,identical_perceptual_hash,moved_to_quarantine
527,SECONDARY_VEHICLES,SECONDARY VEHICLES\image696__jpeg.jpg,SECONDARY VEHICLES\verified_image696__jpeg.jpg,0,identical_perceptual_hash,moved_to_quarantine
528,SECONDARY_VEHICLES,SECONDARY VEHICLES\image662__jpeg.jpg,SECONDARY VEHICLES\verified_image662__jpeg.jpg,0,identical_perceptual_hash,moved_to_quarantine
529,SECONDARY_VEHICLES,SECONDARY VEHICLES\image709__jpeg.jpg,SECONDARY VEHICLES\verified_image709__jpeg.jpg,0,identical_perceptual_hash,moved_to_quarantine
530,SECONDARY_VEHICLES,SECONDARY VEHICLES\image682__jpeg.jpg,SECONDARY VEHICLES\verified_image682__jpeg.jpg,0,identical_perceptual_hash,moved_to_quarantine
531,SECONDARY_VEHICLES,SECONDARY VEHICLES\WhatsApp_Image_2026-07-04_at_12_29_16_PM_2__jpeg.jpg,SECONDARY VEHICLES\WhatsApp_Image_2026-07-04_at_12_29_16_PM__jpeg.jpg,0,identical_perceptual_hash,moved_to_quarantine
532,SECONDARY_VEHICLES,SECONDARY VEHICLES\WhatsApp_Image_2026-07-04_at_12_29_16_PM_1__jpeg.jpg,SECONDARY VEHICLES\WhatsApp_Image_2026-07-04_at_12_29_17_PM__jpeg.jpg,0,identical_perceptual_hash,moved_to_quarantine
533,SECONDARY_VEHICLES,SECONDARY VEHICLES\image687__jpeg.jpg,SECONDARY VEHICLES\verified_image687__jpeg.jpg,0,identical_perceptual_hash,moved_to_quarantine
534,SECONDARY_VEHICLES,SECONDARY VEHICLES\image698__jpeg.jpg,SECONDARY VEHICLES\verified_image698__jpeg.jpg,0,identical_perceptual_hash,moved_to_quarantine
535,SECONDARY_VEHICLES,SECONDARY VEHICLES\image729__jpeg.jpg,SECONDARY VEHICLES\verified_image729__jpeg.jpg,0,identical_perceptual_hash,moved_to_quarantine
536,SECONDARY_VEHICLES,SECONDARY VEHICLES\image727__jpeg.jpg,SECONDARY VEHICLES\verified_image727__jpeg.jpg,0,identical_perceptual_hash,moved_to_quarantine
537,SECONDARY_VEHICLES,SECONDARY VEHICLES\image681__jpeg.jpg,SECONDARY VEHICLES\verified_image681__jpeg.jpg,0,identical_perceptual_hash,moved_to_quarantine
538,SECONDARY_VEHICLES,SECONDARY VEHICLES\image651__jpeg.jpg,SECONDARY VEHICLES\verified_image651__jpeg.jpg,0,identical_perceptual_hash,moved_to_quarantine
539,SECONDARY_VEHICLES,SECONDARY VEHICLES\image722__jpeg.jpg,SECONDARY VEHICLES\verified_image722__jpeg.jpg,0,identical_perceptual_hash,moved_to_quarantine
540,SECONDARY_VEHICLES,SECONDARY VEHICLES\image725__jpeg.jpg,SECONDARY VEHICLES\verified_image725__jpeg.jpg,0,identical_perceptual_hash,moved_to_quarantine
541,SECONDARY_VEHICLES,SECONDARY VEHICLES\image741__jpeg.jpg,SECONDARY VEHICLES\verified_image741__jpeg.jpg,0,identical_perceptual_hash,moved_to_quarantine
542,SECONDARY_VEHICLES,SECONDARY VEHICLES\image648__jpeg.jpg,SECONDARY VEHICLES\verified_image648__jpeg.jpg,0,identical_perceptual_hash,moved_to_quarantine
543,SECONDARY_VEHICLES,SECONDARY VEHICLES\image677__jpeg.jpg,SECONDARY VEHICLES\verified_image677__jpeg.jpg,0,identical_perceptual_hash,moved_to_quarantine
544,SECONDARY_VEHICLES,SECONDARY VEHICLES\image697__jpeg.jpg,SECONDARY VEHICLES\verified_image697__jpeg.jpg,0,identical_perceptual_hash,moved_to_quarantine
545,SECONDARY_VEHICLES,SECONDARY VEHICLES\image701__jpeg.jpg,SECONDARY VEHICLES\verified_image701__jpeg.jpg,0,identical_perceptual_hash,moved_to_quarantine
546,SECONDARY_VEHICLES,SECONDARY VEHICLES\image668__jpeg.jpg,SECONDARY VEHICLES\verified_image668__jpeg.jpg,0,identical_perceptual_hash,moved_to_quarantine
547,SECONDARY_VEHICLES,SECONDARY VEHICLES\image710__jpeg.jpg,SECONDARY VEHICLES\verified_image710__jpeg.jpg,0,identical_perceptual_hash,moved_to_quarantine
548,SECONDARY_VEHICLES,SECONDARY VEHICLES\image645__jpeg.jpg,SECONDARY VEHICLES\verified_image645__jpeg.jpg,0,identical_perceptual_hash,moved_to_quarantine
549,SECONDARY_VEHICLES,SECONDARY VEHICLES\image679__jpeg.jpg,SECONDARY VEHICLES\verified_image679__jpeg.jpg,0,identical_perceptual_hash,moved_to_quarantine
550,SECONDARY_VEHICLES,SECONDARY VEHICLES\image654__jpeg.jpg,SECONDARY VEHICLES\verified_image654__jpeg.jpg,0,identical_perceptual_hash,moved_to_quarantine
551,SECONDARY_VEHICLES,SECONDARY VEHICLES\image646__jpeg.jpg,SECONDARY VEHICLES\verified_image646__jpeg.jpg,0,identical_perceptual_hash,moved_to_quarantine
552,SECONDARY_VEHICLES,SECONDARY VEHICLES\image723__jpeg.jpg,SECONDARY VEHICLES\verified_image723__jpeg.jpg,0,identical_perceptual_hash,moved_to_quarantine
553,SECONDARY_VEHICLES,SECONDARY VEHICLES\image734__jpeg.jpg,SECONDARY VEHICLES\verified_image734__jpeg.jpg,0,identical_perceptual_hash,moved_to_quarantine
554,SECONDARY_VEHICLES,SECONDARY VEHICLES\image689__jpeg.jpg,SECONDARY VEHICLES\verified_image689__jpeg.jpg,0,identical_perceptual_hash,moved_to_quarantine
555,SECONDARY_VEHICLES,SECONDARY VEHICLES\WhatsApp_Image_2026-07-07_at_8_47_45_AM__jpeg.jpg,SECONDARY VEHICLES\WhatsApp_Image_2026-07-07_at_8_51_41_AM__jpeg.jpg,0,identical_perceptual_hash,moved_to_quarantine
556,SECONDARY_VEHICLES,SECONDARY VEHICLES\image737__jpeg.jpg,SECONDARY VEHICLES\verified_image737__jpeg.jpg,0,identical_perceptual_hash,moved_to_quarantine
557,SECONDARY_VEHICLES,SECONDARY VEHICLES\image650__jpeg.jpg,SECONDARY VEHICLES\verified_image650__jpeg.jpg,0,identical_perceptual_hash,moved_to_quarantine
558,SECONDARY_VEHICLES,SECONDARY VEHICLES\image649__jpeg.jpg,SECONDARY VEHICLES\verified_image649__jpeg.jpg,0,identical_perceptual_hash,moved_to_quarantine
559,SECONDARY_VEHICLES,SECONDARY VEHICLES\image653__jpeg.jpg,SECONDARY VEHICLES\verified_image653__jpeg.jpg,0,identical_perceptual_hash,moved_to_quarantine
